tree
version=v4
num_class=1
num_tree_per_iteration=1
label_index=0
max_feature_idx=5
objective=regression
feature_names=revenue_expense_ratio working_capital debt_equity_ratio gst_bank_match_score legal_flag_count sector_risk_flag
feature_infos=[0.0099163938409256216:0.2315307086944334] [-4811716.3452971922:86328079.075769871] [0.28090163188077411:3.5619458513287836] [0.20585210967498516:1.0775959441544347] [0:4.418639586441989] [0:1.1153958125308054]
tree_sizes=1453 1643 1901 2008 1900 2606 2126 2072 2402 2108 1971 2299 2109 2135 2448 1928 1934 2104 1949 1659 1755 1823 1664 1370 1460 2228 1380 1390 1625 2290 1641 2292 2333 1629 1298 2256 1303 1301 1751 1460 1300 1317 1299 1401 1382 1380 1572 1453 2297 1456 1501 2296 1456 2400 1380 2462 1517 1867 2304 1513 1916 1989 1601 1804 1385 2275 1978 1498 1085 1295 1407 2211 1682 1558 1186 1571 1269 1895 1393 1134 1369 1558 1625 1124 1385 1110 1979 1576 1896 988 1324 1481 1005 1191 974 1624 1190 1573 1914 1384 1389 992 944 1312 1817 1007 1593 1200 1026 2075 1007 1631 1190 1677 1404 993 1904 1006 1476 1653 1907 1013 1615 1198 927 1908 1640 1786 998 1890 1629 1194 1990 1688 1519 1102 1704 2002 1675 1707 1696 1576 1978 1806 1776 1985 1827 1427 1490 1327 1406 1663 1922 1396 1662 1424 1892 1097 1428 1700 2004 1813 1331 1508 1982 1507 1194 1520 983 1821 1414 1671 2017 1602 2188 1458 1803 1459 1863 1313 1144 1863 1108 1531 2010 1727 1333 1193 1111 1894 1618 1934 1401 1252 1971 1170 1689 1896 1802 2089

Tree=0
num_leaves=15
num_cat=0
split_feature=2 0 0 4 3 2 2 3 5 1 2 4 1 3
split_gain=44.402 4.20058 3.68632 2.21442 1.17428 1.98832 1.16698 0.864869 1.50936 0.793651 0.634921 0.61392 0.538431 0.457297
threshold=1.1760319360040643 0.121532113862122 0.0724430071056303 1.90532718231892 0.73374170893331259 0.92905950147124317 0.36903026700805669 0.58623113789332126 0.94105223693421181 18167556.137508951 1.057873705796768 0.93193910842418515 71741223.639172241 0.75865573055364488
decision_type=2 2 2 2 2 2 2 2 2 2 2 2 2 2
left_child=2 3 10 7 5 6 -4 9 -9 -2 -1 -7 13 -6
right_child=1 -3 4 -5 12 11 -8 8 -10 -11 -12 -13 -14 -15
leaf_value=0.44197777830229867 0.45229523861975895 0.42045000052452086 0.44277142909594946 0.46420000052452087 0.41420000052452088 0.44000645213742412 0.42143684262978404 0.43920000052452085 0.46035384667836704 0.46420000052452087 0.46420000052452087 0.42253333385785419 0.41420000052452088 0.42310411011356197
leaf_weight=8.9999999999999982 42 7.9999999999999991 6.9999999999999991 72 15.999999999999998 31 76 24 12.999999999999998 21 4.9999999999999991 5.9999999999999991 24 146
leaf_count=9 42 8 7 72 16 31 76 24 13 21 5 6 24 146
internal_value=0.436 0.455867 0.424825 0.457514 0.423677 0.427533 0.423236 0.4527 0.446632 0.456263 0.449914 0.437173 0.421189 0.422225
internal_weight=500 180 320 172 306 120 83 100 37 63 14 37 186 162
internal_count=500 180 320 172 306 120 83 100 37 63 14 37 186 162
is_linear=0
shrinkage=1


Tree=1
num_leaves=16
num_cat=0
split_feature=2 0 0 4 3 2 2 2 5 2 5 1 2 3 0
split_gain=40.0728 3.79102 3.3269 1.99851 1.05979 1.79446 1.0532 0.878287 0.962105 0.614224 0.591935 0.485934 0.427318 8.81927e-05 8.88178e-16
threshold=1.1760319360040643 0.121532113862122 0.0724430071056303 1.90532718231892 0.73374170893331259 0.92905950147124317 0.36903026700805669 2.2866980564689405 1.0101377701368313 1.0423130105274516 0.99316609119115518 71741223.639172241 0.37539568590219674 0.54085910605567766 0.16258454243612447
decision_type=2 2 2 2 2 2 2 2 2 2 2 2 2 2 2
left_child=2 3 10 7 5 6 -4 8 -2 -7 -1 12 -6 -9 -13
right_child=1 -3 4 -5 11 9 -8 13 -10 -11 -12 14 -14 -15 -16
leaf_value=0.0055554317103491888 0.011253477370037753 -0.014772499911487103 0.0064328568322317946 0.026789999008178713 -0.021125525037447614 0.0067375168913886667 -0.013835000207549648 0.027385237812995913 0.024253369371096293 -0.0062661156989634037 0.02701222121715546 -0.020710000395774836 -0.012266238875129596 0.027647143006324773 -0.020710000395774843
leaf_weight=8.9999999999999982 68 7.9999999999999991 6.9999999999999991 72 14.999999999999998 21 76 8.9999999999999982 18 15.999999999999998 4.9999999999999991 16.000000000000004 147 4.9999999999999991 7.9999999999999991
leaf_count=9 68 8 7 72 15 21 76 9 18 16 5 16 147 5 8
internal_value=-2.563e-10 0.0188733 -0.0106163 0.0204383 -0.0117067 -0.00804333 -0.0121257 0.015865 0.0139744 0.00111432 0.0132186 -0.0140702 -0.0130865 0.0274788 -0.02071
internal_weight=500 180 320 172 306 120 83 100 86 37 14 186 162 14 24
internal_count=500 180 320 172 306 120 83 100 86 37 14 186 162 14 24
is_linear=0
shrinkage=0.05


Tree=2
num_leaves=19
num_cat=0
split_feature=2 3 0 4 1 3 2 2 2 2 3 4 5 1 3 2 4 4
split_gain=36.1657 3.44824 3.00253 1.54941 1.29936 0.956457 1.6195 0.950509 0.673868 3.04878 0.79259 0.559209 0.534221 0.438555 0.414156 0.31462 0.619337 0.00391412
threshold=1.1760319360040643 0.67502194440560037 0.0724430071056303 1.0455158009938785 27493118.095931292 0.73374170893331259 0.92905950147124317 0.36903026700805669 1.6106757985058866 1.6642808382205214 0.59084098455397172 0.93193910842418515 0.99316609119115518 71741223.639172241 0.75865573055364488 1.5241996666966109 1.90532718231892 1.90532718231892
decision_type=2 2 2 2 2 2 2 2 2 2 2 2 2 2 2 2 2 2
left_child=2 3 12 8 -3 6 7 -4 10 -10 -2 -8 -1 14 -7 16 -5 -17
right_child=1 4 5 15 -6 13 11 -9 9 -11 -12 -13 -14 -15 -16 17 -18 -19
leaf_value=0.0052776608202192519 0.024279311299324036 0.0087427528575062773 0.0061112146292413988 0.0077686959877610179 -0.020754802227020263 -0.020069002732634546 0.0037628836689456817 -0.013143249561912136 -0.023176641513903924 0.016512155592441558 0.009309493856770653 -0.012913482387860617 0.025661609768867496 -0.019674499332904816 -0.01159530763756739 0.026332223415374757 0.025450500845909121 0.025450500845909121
leaf_weight=8.9999999999999982 24 7.9999999999999982 6.9999999999999991 8.0000000000000018 7 15.999999999999998 31 76 6.0000000000000027 25 13.999999999999998 5.9999999999999991 4.9999999999999991 24 146 15.999999999999998 12.999999999999998 59
leaf_count=9 24 8 7 8 7 16 31 76 6 25 14 6 5 24 146 16 13 59
internal_value=2.5034e-10 0.0179297 -0.0100854 0.0200163 -0.00502277 -0.0111214 -0.00764117 -0.0115194 0.0143012 0.00883045 0.0187641 0.00105861 0.0125576 -0.0133667 -0.0124322 0.024124 0.0187146 0.0256386
internal_weight=500 180 320 165 15 306 120 83 69 31 38 37 14 186 162 96 21 75
internal_count=500 180 320 165 15 306 120 83 69 31 38 37 14 186 162 96 21 75
is_linear=0
shrinkage=0.05


Tree=3
num_leaves=20
num_cat=0
split_feature=2 3 0 5 1 3 3 2 2 4 1 2 2 2 1 2 0 2 5
split_gain=32.6395 3.13843 2.70978 2.24663 1.50176 0.939131 0.863202 1.4616 0.857835 0.578734 0.689638 0.826629 0.559248 0.497451 0.395796 0.387029 0.119775 0.0011723 0.00102641
threshold=1.1760319360040643 0.58623113789332126 0.0724430071056303 0.94105223693421181 11081089.775426449 0.60591661398196006 0.73374170893331259 0.92905950147124317 0.36903026700805669 1.90532718231892 18167556.137508951 2.2866980564689405 1.0423130105274516 1.057873705796768 71741223.639172241 0.37539568590219674 0.096962406597327036 1.6642808382205214 1.0101377701368313
decision_type=2 2 2 2 2 2 2 2 2 2 2 2 2 2 2 2 2 2 2
left_child=2 9 13 4 -3 -6 7 8 -4 10 11 -2 -9 -1 15 -8 17 -5 -12
right_child=1 3 6 16 5 -7 14 12 -10 -11 18 -13 -14 -15 -16 -17 -18 -19 -20
leaf_value=0.004904785090022617 0.0094141892592112236 0.019348265656403133 0.005805652695042747 0.025829828381538397 0.0075112374499440165 -0.013077913224697113 -0.019461237688859306 0.0063713185134388148 -0.012486087491637782 0.024177974462509157 0.025222090115913972 0.024941592663526538 -0.0060367265716195113 0.024574715495109561 -0.018690775334835052 -0.011029928142116183 0.01581052303314209 0.024747100770473478 0.024502271227538588
leaf_weight=8.9999999999999982 30 6.9999999999999991 6.9999999999999991 4.9999999999999982 8.0000000000000018 18 14.999999999999998 21 76 69 13.000000000000002 11.999999999999998 15.999999999999998 4.9999999999999991 24 147 4.9999999999999991 5 7.9999999999999991
leaf_count=9 30 7 7 5 8 18 15 21 76 69 13 12 16 5 24 147 5 5 8
internal_value=-6.55651e-11 0.0170332 -0.00958117 0.00608464 -0.00120832 -0.00674279 -0.0105653 -0.00725911 -0.0109434 0.0210145 0.0175497 0.0138506 0.00100568 0.0119298 -0.0126984 -0.0118106 0.0221292 0.0252885 0.0249479
internal_weight=500 180 320 48 33 26 306 120 83 132 63 42 37 14 186 162 15 10 21
internal_count=500 180 320 48 33 26 306 120 83 132 63 42 37 14 186 162 15 10 21
is_linear=0
shrinkage=0.05


Tree=4
num_leaves=19
num_cat=0
split_feature=2 3 0 1 4 3 2 2 3 5 1 4 2 2 1 3 0 4
split_gain=29.4581 3.70561 1.72052 1.36885 1.35842 0.80661 1.31909 0.774196 0.612704 0.591134 0.844003 0.509372 0.392272 0.972139 0.344256 0.364919 0.0118667 0.00580591
threshold=1.1565509196575368 0.67502194440560037 0.0724430071056303 27493118.095931292 0.98965280342461581 0.73374170893331259 0.92905950147124317 0.36903026700805669 0.51518170256483675 1.0101377701368313 11081089.775426449 0.93193910842418515 1.6642808382205214 1.6106757985058866 71741223.639172241 0.75865573055364488 0.091846996619242186 1.8890181153809118
decision_type=2 2 2 2 2 2 2 2 2 2 2 2 2 2 2 2 2 2
left_child=2 4 8 16 9 6 7 -4 -1 10 -2 -8 13 -6 15 -7 -3 -14
right_child=1 3 5 -5 12 14 11 -9 -10 -11 -12 -13 17 -15 -16 -17 -18 -19
leaf_value=-0.0041415193676948561 0.018387634754180909 0.0058551561832427953 0.0055153714759009227 -0.019300872584184014 0.020024706299106281 -0.018487708270549776 0.0035363545821559049 -0.011861782481795863 0.018775176789079393 0.023707780800759793 0.0035952151373580647 -0.012379573037226995 0.02406986001878977 -0.0035035616159439088 -0.017756235599517823 -0.010522578845561391 0.009299958050251007 0.022997905140121778
leaf_weight=4.9999999999999982 14.999999999999998 5.0000000000000018 6.9999999999999991 8.9999999999999982 36 15.999999999999998 31 76 7 7.9999999999999991 27 5.9999999999999991 15.999999999999998 4.9999999999999991 24 142 5 60
leaf_count=5 15 5 7 9 36 16 31 76 7 8 27 6 16 5 24 142 5 60
internal_value=2.5034e-10 0.0157687 -0.0093407 -0.00515433 0.0181492 -0.0100785 -0.00689615 -0.0103962 0.00922655 0.011251 0.00887822 0.000955393 0.0210971 0.0171554 -0.0121767 -0.0113292 0.00757756 0.0232236
internal_weight=500 186 314 19 167 302 120 83 12 50 42 37 117 41 182 158 10 76
internal_count=500 186 314 19 167 302 120 83 12 50 42 37 117 41 182 158 10 76
is_linear=0
shrinkage=0.05


Tree=5
num_leaves=26
num_cat=0
split_feature=2 3 3 2 1 4 3 1 3 5 4 0 1 1 3 3 3 1 3 2 2 3 0 4 2
split_gain=26.586 3.34431 1.56847 2.35558 1.23539 1.22598 0.678307 0.766325 0.572814 1.10812 0.609401 0.423518 0.830995 0.495951 0.442839 0.40621 0.902131 0.398264 0.422478 0.354026 0.877356 0.103306 0.0107097 0.00523983 0.00266901
threshold=1.1565509196575368 0.67502194440560037 0.64309623832256835 0.95292181992377933 27493118.095931292 0.98965280342461581 0.63264271936030636 19081012.547623537 0.58623113789332126 0.98589241615949141 0.94201890858128812 0.17064622458079406 35059502.470893361 30251106.290878318 0.73374170893331259 0.60591661398196006 0.58623113789332126 31322720.10163353 0.79550695919371195 1.6642808382205214 1.6106757985058866 0.62274340280200891 0.091846996619242186 1.8890181153809118 1.0353268785164937
decision_type=2 2 2 2 2 2 2 2 2 2 2 2 2 2 2 2 2 2 2 2 2 2 2 2 2
left_child=2 5 3 15 22 8 7 -5 10 -10 -2 12 13 -4 -14 16 -1 24 -19 20 -7 -17 -3 -21 -13
right_child=1 4 11 6 -6 19 -8 -9 9 -11 -12 17 14 -15 -16 21 -18 18 -20 23 -22 -23 -24 -25 -26
leaf_value=-0.012520244593421615 0.019354130327701571 0.0055623981356620758 -0.0056456160303708673 0.019251441742692655 -0.018335829178492229 0.019023471201459568 0.02623529821634293 -0.0010101326874324254 -0.0041410015179560722 0.023556693494319918 0.0044678890705108646 -0.018732417727771556 -0.0066090084612369544 0.0088676799620900828 -0.013395971023454901 -0.019195006149155744 0.010065891700131554 -0.01665338935951392 -0.0082218974064557984 0.022866367362439632 -0.0033283835649490358 -0.011838869551817576 0.0088349589705467215 0.021848010818163555 -0.020030758082866668
leaf_weight=12.000000000000002 22 5.0000000000000018 37 7.0000000000000062 8.9999999999999982 36 4.9999999999999991 13.999999999999998 13.000000000000002 4.9999999999999991 9.9999999999999982 19.000000000000004 34 6.9999999999999991 82 7.0000000000000027 6.9999999999999991 24 39 15.999999999999998 4.9999999999999991 14.999999999999998 5 60 4.9999999999999991
leaf_count=12 22 5 37 7 9 36 5 14 13 5 10 19 34 7 82 7 7 24 39 16 5 15 5 60 5
internal_value=6.25849e-11 0.0149803 -0.00887366 -0.00208858 -0.00489661 0.0172417 0.00968441 0.00574373 0.0106884 0.0035528 0.0147022 -0.0107141 -0.00918744 -0.00333668 -0.0114067 -0.00955438 -0.00419904 -0.0135219 -0.0114339 0.0200423 0.0162976 -0.0141795 0.00719868 0.0220624 -0.0190029
internal_weight=500 186 314 67 19 167 26 21 50 18 32 247 160 44 116 41 19 87 63 117 41 22 10 76 24
internal_count=500 186 314 67 19 167 26 21 50 18 32 247 160 44 116 41 19 87 63 117 41 22 10 76 24
is_linear=0
shrinkage=0.05


Tree=6
num_leaves=21
num_cat=0
split_feature=2 3 0 1 4 3 2 2 3 3 5 4 2 2 2 1 2 0 4 0
split_gain=23.9938 3.01824 1.44619 1.11494 1.10644 0.659137 1.08141 0.70332 0.523921 0.516965 1.00008 0.549984 0.47502 0.319508 0.791814 0.30723 0.338585 0.00966546 0.00472895 0.00013274
threshold=1.1565509196575368 0.67502194440560037 0.0724430071056303 27493118.095931292 0.98965280342461581 0.73374170893331259 0.92905950147124317 0.36903026700805669 0.51518170256483675 0.58623113789332126 0.98589241615949141 0.94201890858128812 1.0423130105274516 1.6642808382205214 1.6106757985058866 71741223.639172241 0.37539568590219674 0.091846996619242186 1.8890181153809118 0.17207189772794454
decision_type=2 2 2 2 2 2 2 2 2 2 2 2 2 2 2 2 2 2 2 2
left_child=2 4 8 17 9 6 7 -4 -1 11 -11 -2 -8 14 -6 16 -7 -3 -15 -17
right_child=1 3 5 -5 13 15 12 -9 -10 10 -12 -13 -14 18 -16 19 -18 -19 -20 -21
leaf_value=-0.0037688353657722483 0.018386424061926931 0.0052842786908149694 0.0057670401675360547 -0.01741903672615687 0.018072297382685874 -0.017349049250284833 0.0058245377881186349 -0.010795610594122033 0.017422567307949065 -0.0039339516025323129 0.022378858923912049 0.0042444944381713869 -0.0056110155768692499 0.021723048947751525 -0.0031619644165039062 -0.016198626160621642 -0.0094528365176874442 0.0083932110667228679 0.020755609696110091 -0.01645732969045639
leaf_weight=4.9999999999999982 22 5.0000000000000018 6.9999999999999991 8.9999999999999982 36 14.999999999999998 21 76 7 13.000000000000002 4.9999999999999991 9.9999999999999982 15.999999999999998 15.999999999999998 4.9999999999999991 17.000000000000004 143 5 60 6.9999999999999991
leaf_count=5 22 5 7 9 36 15 21 76 7 13 5 10 16 16 5 17 143 5 60 7
internal_value=-6.85453e-11 0.0142313 -0.00842998 -0.00465178 0.0163796 -0.00910638 -0.00622965 -0.00939876 0.00859282 0.010154 0.00337516 0.0139671 0.000879434 0.0190402 0.0154828 -0.0110031 -0.0102025 0.00683874 0.0209593 -0.0162741
internal_weight=500 186 314 19 167 302 120 83 12 50 18 32 37 117 41 182 158 10 76 24
internal_count=500 186 314 19 167 302 120 83 12 50 18 32 37 117 41 182 158 10 76 24
is_linear=0
shrinkage=0.05


Tree=7
num_leaves=21
num_cat=0
split_feature=2 3 0 1 4 3 3 1 2 1 1 0 3 1 0 2 2 0 0 4
split_gain=21.6544 2.72396 1.30519 1.00623 0.998564 0.606471 0.611031 0.696683 0.61758 0.50123 1.68462 0.570865 0.472839 0.360946 0.397018 0.288356 0.714612 0.172349 0.00872308 0.00427595
threshold=1.1565509196575368 0.67502194440560037 0.0724430071056303 27493118.095931292 0.98965280342461581 0.60591661398196006 0.57957829627557478 23215005.995092433 0.79145622796239801 11081089.775426449 18167556.137508951 0.055506828778329319 0.51518170256483675 72886611.689239442 0.17064622458079406 1.6642808382205214 1.6106757985058866 0.10406258932869002 0.091846996619242186 1.90532718231892
decision_type=2 2 2 2 2 2 2 2 2 2 2 2 2 2 2 2 2 2 2 2
left_child=2 4 12 18 9 6 7 -4 -8 11 -11 -2 -1 14 -7 16 -6 -15 -3 -17
right_child=1 3 5 -5 15 13 8 -9 -10 10 -12 -13 -14 17 -16 19 -18 -19 -20 -21
leaf_value=-0.0035803940892219551 0.0029355472326278685 0.0050200644135475134 0.0041383415460586525 -0.016548085709412894 0.017168682523899609 -0.0070284801920255024 0.020625926256179816 -0.019080181206975664 -0.0031672492623329158 -0.0070903815329074861 0.01552382916212082 0.023311387137933213 0.016551438399723596 -0.008402165025472641 -0.011200470574524092 0.020584536757734088 -0.0030038660764694215 -0.016126114760453888 0.0079735511541366554 0.019702386316554299
leaf_weight=4.9999999999999982 4.9999999999999991 5.0000000000000018 6.0000000000000018 8.9999999999999982 36 150 4.9999999999999982 7 6 13.999999999999998 20 10.999999999999998 7 9.9999999999999982 92 18 4.9999999999999991 26 5 58
leaf_count=5 5 5 6 9 36 150 5 7 6 14 20 11 7 10 92 18 5 26 5 58
internal_value=-1.78814e-10 0.0135197 -0.00800848 -0.00441919 0.0155606 -0.00865106 -0.00102521 -0.00836394 0.00764783 0.00964628 0.0062121 0.0169439 0.00816317 -0.00930941 -0.00861453 0.0180881 0.0147086 -0.0139806 0.00649681 0.0199113
internal_weight=500 186 314 19 167 302 24 13 11 50 34 16 12 278 242 117 41 36 10 76
internal_count=500 186 314 19 167 302 24 13 11 50 34 16 12 278 242 117 41 36 10 76
is_linear=0
shrinkage=0.05


Tree=8
num_leaves=24
num_cat=0
split_feature=2 3 3 2 1 4 3 1 5 1 0 1 1 3 1 0 4 3 2 2 0 4 2
split_gain=19.5431 2.45838 1.19695 1.9698 0.908125 0.901204 0.610585 0.613849 0.456187 0.697772 0.345213 0.71941 0.440778 0.368976 0.36725 0.395547 0.341338 0.730704 0.260242 0.644937 0.00787259 0.00388107 0.00283501
threshold=1.1565509196575368 0.67502194440560037 0.64309623832256835 0.95292181992377933 27493118.095931292 0.98965280342461581 0.63264271936030636 19081012.547623537 1.0101377701368313 11081089.775426449 0.17064622458079406 35059502.470893361 30251106.290878318 0.73374170893331259 31322720.10163353 0.18537178563377474 0.93193910842418515 0.60591661398196006 1.6642808382205214 1.6106757985058866 0.091846996619242186 1.8890181153809118 1.0353268785164937
decision_type=2 2 2 2 2 2 2 2 2 2 2 2 2 2 2 2 2 2 2 2 2 2 2
left_child=2 5 3 16 20 8 7 -5 9 -2 11 12 -4 -13 22 -16 17 -1 19 -7 -3 -20 -12
right_child=1 4 10 6 -6 18 -8 -9 -10 -11 14 13 -14 -15 15 -17 -18 -19 21 -21 -22 -23 -24
leaf_value=0.0021220041172845022 0.015726052423318228 0.0047690612077712991 -0.0045704257649344373 0.017435727800641725 -0.015720681349436442 0.016310248523950577 0.024788027405738832 -0.00069843679666519169 0.020106958225369453 0.002276002753663946 -0.016735285442126421 -0.0055230506202753856 0.0091117969581059038 -0.011718197130575413 -0.016832911372184754 -0.0075309850896398238 -0.020749474465847018 -0.01249023432081396 0.019607669673860073 -0.0028536731004714967 0.0075748741626739495 0.018731239760915439 -0.018073392212390901
leaf_weight=13.999999999999998 14.999999999999998 5.0000000000000018 37 7.0000000000000062 8.9999999999999982 36 4.9999999999999991 13.999999999999998 7.9999999999999991 27 19.000000000000004 34 6.9999999999999991 82 14.999999999999998 48 4.9999999999999991 22 15.999999999999998 4.9999999999999991 5 60 4.9999999999999991
leaf_count=14 15 5 37 7 9 36 5 14 8 27 19 34 7 82 15 48 5 22 16 5 5 60 5
internal_value=0 0.0128437 -0.00760806 -0.00168078 -0.00419823 0.0147826 0.00908508 0.00534628 0.00916397 0.00707959 -0.00921586 -0.00783749 -0.00239371 -0.00990238 -0.0117508 -0.00974573 -0.00850791 -0.0068077 0.0171837 0.0139732 0.00617197 0.0189158 -0.0170141
internal_weight=500 186 314 67 19 167 26 21 50 42 247 160 44 116 87 63 41 36 117 41 10 76 24
internal_count=500 186 314 67 19 167 26 21 50 42 247 160 44 116 87 63 41 36 117 41 10 76 24
is_linear=0
shrinkage=0.05


Tree=9
num_leaves=21
num_cat=0
split_feature=2 3 0 1 4 3 2 2 4 3 5 4 3 3 1 2 2 0 4 0
split_gain=17.6377 2.21868 1.0991 0.819583 0.813337 0.505489 0.884874 0.610154 0.444821 0.443005 0.883003 0.501895 0.398307 0.276526 0.304958 0.234868 0.582056 0.007105 0.00352396 0.0017657
threshold=1.1565509196575368 0.67502194440560037 0.0724430071056303 27493118.095931292 0.98965280342461581 0.73374170893331259 0.92905950147124317 0.36903026700805669 0.93193910842418515 0.58623113789332126 0.98589241615949141 0.94201890858128812 0.51518170256483675 0.75865573055364488 71741223.639172241 1.6642808382205214 1.6106757985058866 0.091846996619242186 1.0589437561944932 0.16258454243612447
decision_type=2 2 2 2 2 2 2 2 2 2 2 2 2 2 2 2 2 2 2 2
left_child=2 4 12 17 9 6 7 -4 -8 11 -11 -2 -1 19 -15 16 -6 -3 -17 -7
right_child=1 3 5 -5 15 13 8 -9 -10 10 -12 -13 -14 14 -16 18 -18 -19 -20 -21
leaf_value=-0.0031659418344497691 0.016457306187261236 0.0045306080579757668 0.0059608531849724908 -0.014934646586577097 0.01549473624262545 -0.01597652226686477 0.003544489654802507 -0.0094658426548305322 -0.011328807473182679 -0.0044374064757273738 0.020287279784679414 0.0029477749764919283 0.015311228803225925 -0.0079876681133894869 -0.014193841879782471 0.018844647258520128 -0.0027109888195991517 0.0071961292624473554 0.017837436113393668 -0.014941131004265376
leaf_weight=4.9999999999999982 22 5.0000000000000018 6.9999999999999991 8.9999999999999982 36 10.000000000000002 31 76 5.9999999999999991 13.000000000000002 4.9999999999999991 9.9999999999999982 7 142 23 9.9999999999999982 4.9999999999999991 5 66 6.9999999999999991
leaf_count=5 22 5 7 9 36 10 31 76 6 13 5 10 7 142 23 10 5 5 66 7
internal_value=1.3411e-10 0.0122015 -0.00722765 -0.00398832 0.0140435 -0.00781732 -0.0052981 -0.0081648 0.0011326 0.00870577 0.00243056 0.0122356 0.00761241 -0.00947835 -0.00885277 0.0163246 0.0132745 0.00586337 0.01797 -0.0155502
internal_weight=500 186 314 19 167 302 120 83 37 50 18 32 12 182 165 117 41 10 76 17
internal_count=500 186 314 19 167 302 120 83 37 50 18 32 12 182 165 117 41 10 76 17
is_linear=0
shrinkage=0.05


Tree=10
num_leaves=19
num_cat=0
split_feature=2 1 3 5 3 2 0 3 1 0 2 2 2 4 3 1 0 0
split_gain=15.918 2.01449 1.03115 1.01237 1.00797 1.67698 0.882074 0.538525 0.531144 0.417442 0.760309 0.36073 0.870792 0.316402 0.644817 0.297689 0.162736 0.084614
threshold=1.1565509196575368 32716568.083830956 0.58623113789332126 0.94105223693421181 0.64309623832256835 0.95292181992377933 0.10183153446435571 0.63264271936030636 19081012.547623537 0.1055373080769509 1.5204555300595248 1.1094753541910267 1.0951075621325528 0.93193910842418515 0.60591661398196006 71741223.639172241 0.027811807773157646 0.096962406597327036
decision_type=2 2 2 2 2 2 2 2 2 2 2 2 2 2 2 2 2 2
left_child=4 2 9 6 5 13 -4 8 -7 16 -11 12 15 14 -1 -6 -2 -5
right_child=1 -3 3 17 11 7 -8 -9 -10 10 -12 -13 -14 -15 -16 -17 -18 -19
leaf_value=0.0022991464606353213 0.011991514654263208 -0.014721723539488658 -0.0052935863286256782 0.01933315232396126 -0.0076118517859080402 0.016240810922213949 0.012893712818622588 0.023253733515739443 -0.00062754324504307344 0.02010383208592733 -0.0034416964277625087 -0.018167769577768115 0.012675678133964538 -0.019512219130992891 -0.011427491429177199 -0.012399210799963048 0.016669435691587704 0.011366944611072542
leaf_weight=13.999999999999998 23 6.9999999999999991 20.000000000000004 9.9999999999999982 194 7.0000000000000062 9.9999999999999982 4.9999999999999991 13.999999999999998 5.9999999999999991 7.9999999999999991 8.9999999999999982 4.9999999999999991 4.9999999999999991 22 39 97 4.9999999999999991
leaf_count=14 23 7 20 10 194 7 10 5 14 6 8 9 5 5 22 39 97 5
internal_value=-3.57628e-11 0.0115914 0.0126205 0.00607181 -0.00686627 -0.001427 0.000768847 0.00850649 0.00499524 0.0148196 0.00664924 -0.0083417 -0.00797013 -0.00772629 -0.00608935 -0.00841317 0.0157728 0.0166777
internal_weight=500 186 179 45 314 67 30 26 21 134 14 247 238 41 36 233 120 15
internal_count=500 186 179 45 314 67 30 26 21 134 14 247 238 41 36 233 120 15
is_linear=0
shrinkage=0.05


Tree=11
num_leaves=23
num_cat=0
split_feature=2 3 1 0 5 4 1 3 3 3 1 2 5 0 1 5 1 0 0 0 1 5
split_gain=14.3717 1.46478 1.54983 1.31876 0.495755 0.481101 0.960319 0.657367 0.427666 0.526788 0.617395 0.552611 0.388646 0.300805 0.288987 0.513121 0.268927 0.286749 0.139145 0.0894793 0.0801296 0.0123798
threshold=1.1760319360040643 0.60591661398196006 21495354.822325151 0.0724430071056303 0.92259726396627573 1.0348367410992363 18167556.137508951 0.29017453559026524 0.60591661398196006 0.57957829627557478 23215005.995092433 0.79145622796239801 0.99316609119115518 0.12899572077989954 10750800.216750827 0.94105223693421181 72886611.689239442 0.17064622458079406 0.10406258932869002 0.10517157182895551 -3677559.6921718228 1.0101377701368313
decision_type=2 2 2 2 2 2 2 2 2 2 2 2 2 2 2 2 2 2 2 2 2 2
left_child=3 5 14 12 13 6 7 -2 9 10 -5 -11 -1 -4 -3 -16 17 -10 -18 20 -7 -8
right_child=1 2 4 8 -6 19 21 -9 16 11 -12 -13 -14 -15 15 -17 18 -19 -20 -21 -22 -23
leaf_value=0.002439248065153758 0.019332873572905862 0.019230947829782956 -0.023542327284812915 0.0043184116482734665 0.0045636013150215154 0.012141439860517328 0.019580608606338496 0.00097227738453791704 -0.0056332419912020369 0.019692597091197972 -0.017538989015987938 -0.0028142884373664853 0.01982545554637909 -0.0074851649148123594 -0.0017757302948406767 0.019196116626262662 -0.0066135075688362119 -0.0091327495252092675 -0.01355365262581752 0.0092517215013504031 0.016707304453379229 0.016934764385223389
leaf_weight=8.9999999999999982 5.9999999999999991 8.0000000000000018 5.0000000000000018 6.0000000000000018 4.9999999999999991 10.999999999999998 12.000000000000002 26 150 4.9999999999999982 7 6 4.9999999999999991 7 6.9999999999999982 5 9.9999999999999982 96 26 4.9999999999999991 76 6.9999999999999991
leaf_count=9 6 8 5 6 5 11 12 26 150 5 7 6 5 7 7 5 10 96 26 5 76 7
internal_value=-4.76837e-11 0.0113026 0.00243536 -0.0063577 -0.0086641 0.0135969 0.00970171 0.00441489 -0.00704427 -0.000636883 -0.00745096 0.00741611 0.00864861 -0.0141756 0.0118699 0.00696254 -0.00758958 -0.0069989 -0.0116258 0.0157562 0.01613 0.0186058
internal_weight=500 180 37 320 17 143 51 32 306 24 13 11 14 12 20 12 282 246 36 92 87 19
internal_count=500 180 37 320 17 143 51 32 306 24 13 11 14 12 20 12 282 246 36 92 87 19
is_linear=0
shrinkage=0.05


Tree=12
num_leaves=20
num_cat=0
split_feature=2 1 3 3 2 5 3 0 2 0 2 3 4 2 2 0 0 1 5
split_gain=12.984 1.66777 0.839479 0.837074 1.48697 0.820499 0.808561 0.790203 0.663325 0.354828 0.692039 0.347438 0.726593 0.326911 0.783658 0.247987 0.141454 0.105316 0.0804365
threshold=1.1565509196575368 32716568.083830956 0.58623113789332126 0.64309623832256835 0.96868959201703564 0.94105223693421181 0.61893848738242607 0.10183153446435571 1.0088269535301977 0.1055373080769509 1.5204555300595248 0.60591661398196006 0.93193910842418515 1.1094753541910267 1.0951075621325528 0.21626476984671419 0.027811807773157646 61238583.801500455 1.0095868783016784
decision_type=2 2 2 2 2 2 2 2 2 2 2 2 2 2 2 2 2 2 2
left_child=3 2 9 4 11 7 8 -4 -6 16 -11 12 -1 14 15 -5 -2 -13 -7
right_child=1 -3 5 13 6 18 -8 -9 -10 10 -12 17 -14 -15 -16 -17 -18 -19 -20
leaf_value=0.0035126087069511404 0.010742779270462369 -0.013473148005349295 -0.0050157480686902995 -0.0072669562369985967 0.016209853440523128 0.018034015927049851 0.023027867078781128 0.012198376506567002 -0.0044575387781316585 0.018692940970261893 -0.0037706246599555019 -0.012783661733071007 -0.018496371209621429 -0.016899951961305407 0.012393545508384705 -0.015315369367599488 0.015104106329765516 -0.0045809105038642885 0.01056014969944954
leaf_weight=15.000000000000002 23 6.9999999999999991 20.000000000000004 223 6.0000000000000062 8.9999999999999982 6.9999999999999991 9.9999999999999982 10.999999999999998 5.9999999999999991 7.9999999999999991 18.000000000000004 4.9999999999999991 8.9999999999999982 4.9999999999999991 9.9999999999999982 97 4.9999999999999991 5.9999999999999991
leaf_count=15 23 7 20 223 6 9 7 10 11 6 8 18 5 9 5 10 97 5 6
internal_value=-1.04308e-11 0.0104688 0.0114051 -0.00620127 -0.00124451 0.00549635 0.00872589 0.000722293 0.00283683 0.0133894 0.00585662 -0.00680938 -0.00198964 -0.00754582 -0.00719209 -0.00761238 0.0142682 -0.0110005 0.0150445
internal_weight=500 186 179 314 67 45 24 30 17 134 14 43 20 247 238 233 120 23 15
internal_count=500 186 179 314 67 45 24 30 17 134 14 43 20 247 238 233 120 23 15
is_linear=0
shrinkage=0.05


Tree=13
num_leaves=21
num_cat=0
split_feature=2 3 0 1 4 3 2 2 1 1 0 4 3 3 2 2 2 3 4 0
split_gain=11.718 1.55423 0.777662 0.645971 0.605939 0.388187 0.675344 0.53424 0.380726 1.32506 0.510627 0.379017 0.308483 0.264017 0.297058 0.176855 0.470821 0.0115601 0.00866034 0.00138267
threshold=1.1565509196575368 0.67502194440560037 0.0724430071056303 27493118.095931292 0.98965280342461581 0.73374170893331259 0.92905950147124317 0.36903026700805669 11081089.775426449 18167556.137508951 0.055506828778329319 0.93193910842418515 0.51518170256483675 0.75865573055364488 0.37539568590219674 1.6642808382205214 1.6106757985058866 0.69089484901759801 1.8890181153809118 0.15847635561431006
decision_type=2 2 2 2 2 2 2 2 2 2 2 2 2 2 2 2 2 2 2 2
left_child=2 4 12 17 8 6 7 -4 10 -10 -2 -8 -1 19 -15 16 -6 -3 -17 -7
right_child=1 3 5 -5 15 13 11 -9 9 -11 -12 -13 -14 14 -16 18 -18 -19 -20 -21
leaf_value=-0.0028938412666320804 -8.6405873298645022e-06 0.0034411874413490281 0.0065337749464171278 -0.013323076731628842 0.012806061282753946 -0.014200864401128553 0.0036647771154680563 -0.0079013758191936907 -0.0079109423926898414 0.012145271450281145 0.019262199510227552 -0.01006437713901202 0.013366975741727011 -0.014198975903647288 -0.0065855566831614009 0.015917303413152697 -0.0035679006576538087 0.0068411949276924126 0.014608095288276675 -0.013297448586672546
leaf_weight=4.9999999999999982 4.9999999999999991 5.0000000000000018 6.9999999999999991 8.9999999999999982 36 9.0000000000000018 31 76 13.999999999999998 20 10.999999999999998 5.9999999999999991 7 13.999999999999998 151 15.999999999999998 4.9999999999999991 5 60 7.9999999999999991
leaf_count=5 5 5 7 9 36 9 31 76 14 20 11 6 7 14 151 16 5 5 60 8
internal_value=-1.05798e-10 0.00994537 -0.00589121 -0.00360504 0.011487 -0.00638721 -0.00417955 -0.00668395 0.00687986 0.00388683 0.0132401 0.00143843 0.00659164 -0.00784281 -0.00723154 0.0134559 0.0108092 0.00514119 0.0148837 -0.0137757
internal_weight=500 186 314 19 167 302 120 83 50 34 16 37 12 182 165 117 41 10 76 17
internal_count=500 186 314 19 167 302 120 83 50 34 16 37 12 182 165 117 41 10 76 17
is_linear=0
shrinkage=0.05


Tree=14
num_leaves=24
num_cat=0
split_feature=2 3 1 3 2 3 0 5 2 4 1 1 2 4 2 2 1 1 4 1 1 3 5
split_gain=10.5755 1.40355 1.3943 0.70438 1.27269 0.707702 0.622927 0.745245 0.579917 0.3901 0.810077 0.935074 0.338248 0.389836 0.307115 0.703348 0.251437 0.128155 0.457607 0.0777102 0.156237 0.0486047 0.0121335
threshold=1.1565509196575368 0.60591661398196006 23671175.718095157 0.64309623832256835 0.96868959201703564 0.61893848738242607 0.093626391613259932 0.94105223693421181 1.0088269535301977 0.98965280342461581 18167556.137508951 11081089.775426449 0.43956536889623427 0.93193910842418515 1.1094753541910267 1.0951075621325528 71741223.639172241 11081089.775426449 1.90532718231892 26242117.823218737 32716568.083830956 0.57767793925023125 0.93097447297900671
decision_type=2 2 2 2 2 2 2 2 2 2 2 2 2 2 2 2 2 2 2 2 2 2 2
left_child=3 9 6 4 12 8 7 -3 -6 10 11 -2 -1 -14 15 16 -5 18 -11 -4 -21 -19 -12
right_child=1 2 19 14 5 -7 -8 -9 -10 17 22 -13 13 -15 -16 -17 -18 21 -20 20 -22 -23 -24
leaf_value=-0.017210317154725395 0.010396921405425436 -0.0048875334858894323 -0.014912686944007865 -0.0061489107375292439 0.015168828020493172 0.021554632484912874 0.021593581991536277 0.016383818643433707 -0.0041555382988669653 0.0043102293213208515 0.018509249885876974 -0.009940004050731659 -0.0023835186380892995 -0.017395983040332793 -0.015896515382660761 0.012067761719226838 -0.010548676110995123 0.014941527002624104 0.014090715980125687 -0.00074298232793808001 -0.012315253487655095 0.01990052784482638 0.01553480327129364
leaf_weight=5.9999999999999991 13.000000000000002 10.000000000000005 5.0000000000000027 194 6.0000000000000062 6.9999999999999991 6.9999999999999991 6.9999999999999991 10.999999999999998 14.999999999999998 5.9999999999999991 9.9999999999999982 32 4.9999999999999991 8.9999999999999982 4.9999999999999991 39 28 59 4.9999999999999982 7 5.9999999999999991 7.9999999999999991
leaf_count=6 13 10 5 194 6 7 7 7 11 15 6 10 32 5 9 5 39 28 59 5 7 6 8
internal_value=-7.45058e-12 0.0094481 0.00128003 -0.00559665 -0.0010497 0.00817435 0.00904027 0.00387126 0.00266483 0.0117577 0.00732686 0.00155478 -0.00619801 -0.00441223 -0.00683003 -0.00648718 -0.00688535 0.0132757 0.0121082 -0.0096756 -0.00749347 0.0158166 0.0168096
internal_weight=500 186 41 314 67 24 24 17 17 145 37 23 43 37 247 238 233 108 74 17 12 34 14
internal_count=500 186 41 314 67 24 24 17 17 145 37 23 43 37 247 238 233 108 74 17 12 34 14
is_linear=0
shrinkage=0.05


Tree=15
num_leaves=19
num_cat=0
split_feature=4 2 3 5 0 0 2 0 4 4 0 1 0 1 2 2 0 0
split_gain=9.62286 1.46491 1.4237 0.578709 0.3995 0.889448 0.537406 0.467426 0.316996 0.400634 0.324135 0.254065 0.486674 0.316832 0.207219 0.00536449 0.00077823 0.000691029
threshold=1.0000000180025095e-35 0.96868959201703564 0.60591661398196006 0.98589241615949141 0.14217993263643372 0.1862917456646643 1.0088269535301977 0.082646097564791146 1.90532718231892 0.94201890858128812 0.027811807773157646 35059502.470893361 0.14302304394004003 48181283.067253701 1.8634442656149657 1.6735050738670385 0.036261590427666808 0.033203248916742319
decision_type=2 2 2 2 2 2 2 2 2 2 2 2 2 2 2 2 2 2
left_child=2 -2 4 11 6 -6 -1 -8 9 14 -11 12 -4 -13 -3 16 -10 -17
right_child=1 8 3 -5 5 -7 7 -9 15 10 -12 13 -14 -15 -16 17 -18 -19
leaf_value=0.019926727669579633 -0.016526183485984804 0.021807827614247804 -0.00050335368141531946 0.0083560954247202199 -0.018565261363983159 0.011258349418640136 -0.0044575673010614171 0.011657063497437371 0.014719452559947969 -0.0029389315417834693 0.0084209435543075931 -0.010491886541799264 -0.0074851471787461864 -0.0060009277063525386 0.0095156704386075326 0.013506066934628922 0.01395546779036522 0.013065829603595936
leaf_weight=7.0000000000000027 4.9999999999999991 7.9999999999999982 48 6.9999999999999991 4.9999999999999982 5 9.0000000000000018 8.9999999999999982 4.9999999999999991 6.9999999999999991 61 54 52 144 6 10.999999999999998 9.9999999999999982 47
leaf_count=7 5 8 48 7 5 5 9 9 5 7 61 54 52 144 6 11 10 47
internal_value=1.04308e-11 0.0101115 -0.00475836 -0.0058544 0.0047928 -0.00365346 0.0081713 0.00359975 0.0109708 0.00883734 0.00725154 -0.0061882 -0.00413389 -0.00722573 0.0165398 0.0133673 0.0142101 0.0131493
internal_weight=500 160 340 305 35 10 25 18 155 82 68 298 100 198 14 73 15 58
internal_count=500 160 340 305 35 10 25 18 155 82 68 298 100 198 14 73 15 58
is_linear=0
shrinkage=0.05


Tree=16
num_leaves=19
num_cat=0
split_feature=4 2 3 5 0 0 2 0 4 4 0 1 0 1 2 2 5 0
split_gain=8.68463 1.32208 1.28489 0.522285 0.360549 0.802727 0.485009 0.421852 0.286089 0.361572 0.292532 0.229294 0.439224 0.285941 0.187015 0.00484145 0.000755637 0.000623656
threshold=1.0000000180025095e-35 0.96868959201703564 0.60591661398196006 0.98589241615949141 0.14217993263643372 0.1862917456646643 1.0088269535301977 0.082646097564791146 1.90532718231892 0.94201890858128812 0.027811807773157646 35059502.470893361 0.14302304394004003 48181283.067253701 1.8634442656149657 1.6735050738670385 0.94476085402481125 0.033203248916742319
decision_type=2 2 2 2 2 2 2 2 2 2 2 2 2 2 2 2 2 2
left_child=2 -2 4 11 6 -6 -1 -8 9 14 -11 12 -4 -13 -3 16 -10 -17
right_child=1 8 3 -5 5 -7 7 -9 15 10 -12 13 -14 -15 -16 17 -18 -19
leaf_value=0.018930391328675397 -0.015699874609708786 0.020717435888946062 -0.00047818617895245552 0.0079382907067026415 -0.017636997997760775 0.010695431828498839 -0.004234688811832003 0.011074210372236042 0.013934259613355003 -0.0027919852307864597 0.0079998963802564351 -0.0099672919208252872 -0.0071108896285295492 -0.0057008813911428062 0.009039886792500812 0.01283076419071718 0.013209864662753213 0.012412538062384789
leaf_weight=7.0000000000000027 4.9999999999999991 7.9999999999999982 48 6.9999999999999991 4.9999999999999982 5 9.0000000000000018 8.9999999999999982 5.9999999999999991 6.9999999999999991 61 54 52 144 6 10.999999999999998 8.9999999999999982 47
leaf_count=7 5 8 48 7 5 5 9 9 6 7 61 54 52 144 6 11 9 47
internal_value=1.63913e-11 0.00960595 -0.00452044 -0.00556168 0.00455316 -0.00347078 0.00776274 0.00341976 0.0104223 0.00839547 0.00688897 -0.00587879 -0.00392719 -0.00686445 0.0157128 0.0126989 0.0134996 0.0124919
internal_weight=500 160 340 305 35 10 25 18 155 82 68 298 100 198 14 73 15 58
internal_count=500 160 340 305 35 10 25 18 155 82 68 298 100 198 14 73 15 58
is_linear=0
shrinkage=0.05


Tree=17
num_leaves=21
num_cat=0
split_feature=3 5 1 2 2 4 0 0 5 4 4 1 1 3 3 1 1 2 3 5
split_gain=7.85165 1.58374 1.04808 1.00188 0.765842 0.483213 0.431575 0.724461 0.372264 0.346404 0.333292 0.715914 0.854774 0.3316 0.271159 0.127492 0.424564 0.115556 0.0454614 0.0183973
threshold=0.60591661398196006 0.94105223693421181 13408514.487327499 1.14263493549948 1.3677787887393211 0.93193910842418515 0.14217993263643372 0.1862917456646643 0.89241758755687139 1.0107630101378386 0.98965280342461581 18167556.137508951 11081089.775426449 0.63402371089898124 0.64309623832256835 11081089.775426449 10323177.889918994 1.5241996666966109 0.57767793925023125 0.93097447297900671
decision_type=2 2 2 2 2 2 2 2 2 2 2 2 2 2 2 2 2 2 2 2
left_child=3 2 -2 5 14 6 8 -8 -1 -7 11 12 -5 -3 -4 16 -12 -15 -17 -13
right_child=1 13 4 10 -6 9 7 -9 -10 -11 15 19 -14 17 -16 18 -18 -19 -20 -21
leaf_value=0.018352417860712317 0.013613775372505188 -0.00064559951424598657 -0.0011463246518565763 0.0090963673133116468 -0.022302309104374477 -0.017959367334842685 -0.016755147576332095 0.010160659849643705 0.00138003999988238 0.00065256208181381221 0.011404311743335449 0.01707612300912539 -0.010347737222909929 0.019586827357610071 -0.0060945639250131189 0.013227628633893771 -0.0036842487752437592 0.009773758550484974 0.018008980154991149 0.013413514662534
leaf_weight=7.0000000000000018 6.9999999999999991 5.0000000000000027 31 13.000000000000002 6.9999999999999991 4.9999999999999982 4.9999999999999982 5 6 5 69 5.9999999999999991 9.9999999999999982 5.9999999999999982 259 29 4.9999999999999991 6 5.9999999999999991 7.9999999999999991
leaf_count=7 7 5 31 13 7 5 5 5 6 5 69 6 10 6 259 29 5 6 6 8
internal_value=-5.96046e-12 -0.00467885 -0.00550937 0.00839057 -0.00596008 0.000522445 0.00451194 -0.00329724 0.010519 -0.0086534 0.010169 0.00606866 0.000642409 0.0101727 -0.00556561 0.0115608 0.0103848 0.0146803 0.0140473 0.0149832
internal_weight=500 321 304 179 297 33 23 10 13 10 146 37 23 17 290 109 74 12 35 14
internal_count=500 321 304 179 297 33 23 10 13 10 146 37 23 17 290 109 74 12 35 14
is_linear=0
shrinkage=0.05


Tree=18
num_leaves=19
num_cat=0
split_feature=4 2 3 5 0 0 2 0 4 4 0 1 1 2 3 2 0 0
split_gain=7.10493 1.11732 1.03584 0.413693 0.289544 0.653826 0.408821 0.365618 0.235193 0.331423 0.273751 0.223274 0.276984 0.16732 0.127088 0.00412514 0.000732398 0.000716684
threshold=1.0000000180025095e-35 0.96868959201703564 0.60591661398196006 0.98589241615949141 0.14217993263643372 0.1862917456646643 1.0088269535301977 0.082646097564791146 1.90532718231892 0.94201890858128812 0.027811807773157646 72886611.689239442 62861917.677182458 1.8634442656149657 0.69089484901759801 1.6735050738670385 0.033203248916742319 0.036261590427666808
decision_type=2 2 2 2 2 2 2 2 2 2 2 2 2 2 2 2 2 2
left_child=2 -2 4 11 6 -6 -1 -8 9 13 -11 12 -4 -3 -13 17 -17 -10
right_child=1 8 3 -5 5 -7 7 -9 15 10 -12 14 -14 -15 -16 16 -18 -19
leaf_value=0.017187481692859097 -0.014575270116329192 0.01934064449742437 -0.0055586086941319841 0.0069912563477243705 -0.015917390733957294 0.0096526277065277083 -0.0041789172424210423 0.010073142250378926 0.012731039226055146 -0.0032061159610748294 0.0072335978023341449 -0.0042077359557151795 -0.0013213983875639897 0.0082951086262861885 -0.010840380363739454 0.011679306558587335 0.011226083084623865 0.011997886449098587
leaf_weight=7.0000000000000027 4.9999999999999991 7.9999999999999982 215 6.9999999999999991 4.9999999999999982 5 9.0000000000000018 8.9999999999999982 4.9999999999999991 6.9999999999999991 61 9.9999999999999982 47 6 26 10.999999999999998 47 9.9999999999999982
leaf_count=7 5 8 215 7 5 5 9 9 5 7 61 10 47 6 26 11 47 10
internal_value=-3.42727e-11 0.00868849 -0.0040887 -0.00502359 0.00405819 -0.00313238 0.00693442 0.00294711 0.00943893 0.00760125 0.00615892 -0.00530582 -0.0047985 0.0146068 -0.00899798 0.0115032 0.011312 0.0122423
internal_weight=500 160 340 305 35 10 25 18 155 82 68 298 262 14 36 73 58 15
internal_count=500 160 340 305 35 10 25 18 155 82 68 298 262 14 36 73 58 15
is_linear=0
shrinkage=0.05


Tree=19
num_leaves=16
num_cat=0
split_feature=2 1 0 3 5 0 0 0 2 0 2 3 1 0 2
split_gain=6.44687 0.927611 0.487945 0.428599 0.518521 0.712637 0.305898 0.57576 0.258936 0.247526 0.560413 0.206109 0.122755 0.067715 0.00312589
threshold=1.1565509196575368 32716568.083830956 0.0724430071056303 0.58623113789332126 0.94105223693421181 0.10183153446435571 0.21626476984671419 0.21134354788729451 0.42585241740730273 0.1055373080769509 1.5204555300595248 0.51518170256483675 14116205.196583694 0.096962406597327036 0.85016531402288176
decision_type=2 2 2 2 2 2 2 2 2 2 2 2 2 2 2
left_child=2 3 11 9 5 -5 7 8 -4 12 -11 -1 -2 -6 -8
right_child=1 -3 6 4 13 -7 14 -9 -10 10 -12 -13 -14 -15 -16
leaf_value=-0.0022352063655853276 0.009448184794986372 -0.010478781695876804 -0.0084525026199294313 -0.0053912326693534851 0.013818931579589844 0.010956211388111115 -0.012177903080979985 0.010874997327725094 -0.004158113054076179 0.014752645418047905 -0.0054620670154690749 0.011056339208568845 0.013511023800010267 0.0066924825310707096 -0.013870652168989179
leaf_weight=4.9999999999999982 97 6.9999999999999991 41 20.000000000000004 9.9999999999999982 9.9999999999999982 5.9999999999999982 5.9999999999999991 244 5.9999999999999991 7.9999999999999991 7 23 4.9999999999999991 5
leaf_count=5 97 7 41 20 10 10 6 6 244 6 8 7 23 5 5
internal_value=-3.8743e-11 0.0073768 -0.0043697 0.00807506 0.00385309 5.79153e-05 -0.00476259 -0.0044532 -0.0047759 0.00949289 0.00320138 0.0055182 0.0102269 0.0114434 -0.0129473
internal_weight=500 186 314 179 45 30 302 291 285 134 14 12 120 15 11
internal_count=500 186 314 179 45 30 302 291 285 134 14 12 120 15 11
is_linear=0
shrinkage=0.05


Tree=20
num_leaves=17
num_cat=0
split_feature=3 5 1 2 2 3 3 4 2 2 0 3 2 4 4 3
split_gain=5.84168 1.20485 0.908453 0.758764 0.631679 0.628131 0.525864 0.322974 0.462854 0.556886 0.248205 0.245284 0.130613 0.115547 0.348699 0.0137708
threshold=0.60591661398196006 0.93097447297900671 14475004.689552944 0.95292181992377933 1.3781167109236783 0.58623113789332126 0.63402371089898124 1.0348367410992363 1.0088269535301977 1.057873705796768 0.083519631766678717 0.64309623832256835 1.5241996666966109 1.0828111920407719 1.90532718231892 0.57413454888798399
decision_type=2 2 2 2 2 2 2 2 2 2 2 2 2 2 2 2
left_child=3 2 -2 5 11 10 -3 8 -5 -10 -1 -4 -8 15 -15 -9
right_child=1 6 4 7 -6 -7 12 13 9 -11 -12 -13 -14 14 -16 -17
leaf_value=-0.00064440473914146397 0.012998319736548834 -0.0040672163168589256 -0.00069090399530626111 0.020346573591232302 -0.021284154305855434 0.0096937522292137156 0.018467977962323603 0.013213566541671754 -0.011467303633689882 0.0059358001931717527 -0.01523025951215199 -0.0053981094512828565 0.0084146441270907708 -0.0020877972245216371 0.010458079332278835 0.016427306681871416
leaf_weight=5.0000000000000018 6.9999999999999991 6.0000000000000027 31 4.9999999999999991 5.9999999999999991 6.9999999999999991 6.9999999999999982 9.9999999999999982 4.9999999999999991 57 7 258 6 5.9999999999999991 72 4.9999999999999991
leaf_count=5 7 6 31 5 6 7 7 10 5 57 7 258 6 6 72 5
internal_value=-4.76837e-11 -0.00403578 -0.00480413 0.00723735 -0.00522656 -0.00220935 0.00817686 0.00835915 0.00571249 0.00453232 -0.00915282 -0.00489318 0.013828 0.0102659 0.00949301 0.0142848
internal_weight=500 321 302 179 295 19 19 160 67 62 12 289 13 93 78 15
internal_count=500 321 302 179 295 19 19 160 67 62 12 289 13 93 78 15
is_linear=0
shrinkage=0.05


Tree=21
num_leaves=18
num_cat=0
split_feature=3 5 1 2 2 3 4 2 2 0 2 3 1 3 4 4 3
split_gain=5.27212 1.09153 0.815835 0.684785 0.649642 0.566889 0.291484 0.456904 1.5073 0.283247 0.261796 0.224547 0.215974 0.183994 0.104282 0.314701 0.0124282
threshold=0.60591661398196006 0.94105223693421181 13408514.487327499 0.95292181992377933 1.3677787887393211 0.58623113789332126 1.0348367410992363 1.6106757985058866 1.6642808382205214 0.096962406597327036 1.2817421271464264 0.55340116340590018 35059502.470893361 0.63672259678646526 1.0828111920407719 1.90532718231892 0.57413454888798399
decision_type=2 2 2 2 2 2 2 2 2 2 2 2 2 2 2 2 2
left_child=3 2 -2 5 12 11 7 10 -9 13 -5 -1 -4 -3 16 -16 -8
right_child=1 9 4 6 -6 -7 14 8 -10 -11 -12 -13 -14 -15 15 -17 -18
leaf_value=-0.0029146271092551084 0.012348403462341853 0.0053359471261501291 -0.0025560644900669226 0.0046649221508275902 -0.019972590676375801 0.009209065139293671 0.012552888467907905 -0.02447936058044432 0.0062136757373809819 -0.0015029165148735047 0.012560001547847475 -0.01678795129060745 -0.0054879259431000922 0.017894176287310461 -0.0019834077606598536 0.0099351752549409877 0.015605941712856293
leaf_weight=7.0000000000000018 6.9999999999999991 5.0000000000000018 92 21 6.9999999999999991 6.9999999999999991 9.9999999999999982 5.0000000000000027 20 4.9999999999999991 21 5 198 7 5.9999999999999991 72 4.9999999999999991
leaf_count=7 7 5 92 21 7 7 10 5 20 5 21 5 198 7 6 72 5
internal_value=-1.78814e-11 -0.00383399 -0.00452348 0.00687549 -0.00492113 -0.00209888 0.00794119 0.00542687 7.50685e-05 0.00849555 0.00861246 -0.00869518 -0.00455782 0.0126616 0.00975259 0.00901836 0.0135706
internal_weight=500 321 304 179 297 19 160 67 25 17 42 12 290 12 93 78 15
internal_count=500 321 304 179 297 19 160 67 25 17 42 12 290 12 93 78 15
is_linear=0
shrinkage=0.05


Tree=22
num_leaves=16
num_cat=0
split_feature=2 1 0 0 0 4 2 1 0 2 2 0 3 3 1
split_gain=4.7742 0.743345 0.406091 0.27205 0.515409 0.266012 0.283032 0.683006 0.256392 0.0603575 0.00362887 0.00295268 0.00271309 0.00069538 0.000692372
threshold=1.1565509196575368 30251106.290878318 0.06678875800465256 0.21626476984671419 0.21134354788729451 1.90532718231892 2.2866980564689405 5712370.748544177 0.14043796210351381 1.2088587026388298 1.6735050738670385 0.053226580272805753 0.77872418872622207 0.55763880984577818 3192309.5142536047
decision_type=2 2 2 2 2 2 2 2 2 2 2 2 2 2 2
left_child=2 5 -1 4 8 6 7 -2 -4 -3 14 -8 -5 -12 -7
right_child=1 9 3 12 -6 10 11 -9 -10 -11 13 -13 -14 -15 -16
leaf_value=0.0067072234219974942 -0.01054334363767079 -0.0096405010670423535 -0.0025163161058495516 -0.012649498283863071 0.010723798970381421 0.0106184920668602 0.013068984448909761 0.0057358133296171827 -0.0055035530089937307 -0.0022022403776645657 0.0092124256182391697 0.011553554650810031 -0.011072475587328275 0.0098292650282382973 0.0098978821188211441
leaf_weight=8.9999999999999982 6.9999999999999991 5.9999999999999982 137 4.9999999999999982 5.9999999999999991 4.9999999999999991 4.9999999999999991 81 151 5 53 8.9999999999999982 6 4.9999999999999991 9.9999999999999982
leaf_count=9 7 6 137 5 6 5 5 81 151 5 53 9 6 5 10
internal_value=-1.3411e-11 0.0063481 -0.00376034 -0.00406922 -0.00378037 0.00714057 0.00549142 0.00444088 -0.00408254 -0.00625947 0.00944488 0.0120948 -0.0117893 0.0092656 0.0101381
internal_weight=500 186 314 305 294 175 102 88 288 11 73 14 11 58 15
internal_count=500 186 314 305 294 175 102 88 288 11 73 14 11 58 15
is_linear=0
shrinkage=0.05


Tree=23
num_leaves=13
num_cat=0
split_feature=3 5 2 2 1 2 2 2 1 0 3 4
split_gain=4.35844 0.946514 0.558231 0.531153 0.496403 0.343769 0.290082 0.67087 0.317807 0.206342 0.203276 0.0726645
threshold=0.60591661398196006 0.95182269859315405 0.95292181992377933 0.79145622796239801 13408514.487327499 1.3677787887393211 1.0088269535301977 1.057873705796768 21495354.822325151 0.083519631766678717 0.64309623832256835 0.92501905445236676
decision_type=2 2 2 2 2 2 2 2 2 2 2 2
left_child=2 4 3 -1 -2 10 -4 -8 -9 -5 -6 -3
right_child=1 11 6 9 5 -7 7 8 -10 -11 -12 -13
leaf_value=0.0090943468468529798 0.0075034732619921373 0.0056259438395500194 0.019067215919494632 -0.00047861039638519298 -0.00030678825513009105 -0.014639843814074995 -0.011185839176177978 0.0066089671133156115 0.013869137799038606 -0.013777659088373181 -0.0045910989024234095 0.012830332134451184
leaf_weight=7.0000000000000027 8.9999999999999982 6.9999999999999982 4.9999999999999991 4.9999999999999982 31 7.9999999999999991 4.9999999999999991 133 17 7 259 7
leaf_count=7 9 7 5 5 31 8 5 133 17 7 259 7
internal_value=7.45058e-12 -0.00348598 0.00625139 -0.00185138 -0.00406577 -0.00441518 0.00721359 0.00683122 0.00743179 -0.00823639 -0.00413312 0.00922814
internal_weight=500 321 179 19 307 298 160 155 150 12 290 14
internal_count=500 321 179 19 307 298 160 155 150 12 290 14
is_linear=0
shrinkage=0.05


Tree=24
num_leaves=14
num_cat=0
split_feature=3 5 1 2 2 3 3 2 2 1 3 3 2
split_gain=3.93349 0.860571 0.639468 0.512285 0.503803 0.514744 0.438499 0.261799 0.60546 0.28682 0.214585 0.192605 0.11589
threshold=0.60591661398196006 0.93097447297900671 14475004.689552944 1.3781167109236783 0.95292181992377933 0.58623113789332126 0.63402371089898124 1.0088269535301977 1.057873705796768 21495354.822325151 0.55340116340590018 0.64309623832256835 1.5241996666966109
decision_type=2 2 2 2 2 2 2 2 2 2 2 2 2
left_child=4 2 -2 11 5 10 -3 -6 -9 -10 -1 -4 -8
right_child=1 6 3 -5 7 -7 12 8 9 -11 -12 -13 -14
leaf_value=-0.0023935550025531217 0.010975083921636854 -0.0041711187611023562 -0.0002914489276947514 -0.018776115775108338 0.018113855421543121 0.0090165121214730408 0.016540737982307162 -0.010626547336578369 0.0062785188170303976 0.013175680882790509 -0.015955623835325238 -0.0044626624633868541 0.0070709646989901859
leaf_weight=7.0000000000000018 6.9999999999999991 6.0000000000000027 31 5.9999999999999991 4.9999999999999991 6.9999999999999991 6.9999999999999982 4.9999999999999991 133 17 5 258 6
leaf_count=7 7 6 31 6 5 7 7 5 133 17 5 258 6
internal_value=1.49012e-12 -0.00331168 -0.00396104 -0.00431545 0.00593882 -0.00175881 0.0070097 0.00685291 0.00648966 0.0070602 -0.00804442 -0.00401523 0.0121701
internal_weight=500 321 302 295 179 19 19 160 155 150 12 289 13
internal_count=500 321 302 295 179 19 19 160 155 150 12 289 13
is_linear=0
shrinkage=0.05


Tree=25
num_leaves=22
num_cat=0
split_feature=2 5 5 3 2 3 2 3 2 3 3 3 2 2 4 4 2 4 0 2 4
split_gain=3.55742 0.640693 0.351594 0.313865 0.347707 0.393281 0.456643 0.240385 0.762402 0.801401 0.253485 0.605478 0.338736 0.226124 0.0870926 0.0216003 0.00637275 0.00128406 0.00124298 0.000958529 0.000598328
threshold=1.2585134355054457 0.98589241615949141 1.0294466677590919 0.40484543883215135 2.2536656799957253 0.44743907523168241 1.6106757985058866 0.64309623832256835 0.94355427536571179 0.51518170256483675 0.68908565456125126 0.71426166709560868 0.4589518729382645 0.43956536889623427 1.0689004345059223 1.9648479898507822 2.0770673427453228 3.7435151997735852 0.053226580272805753 1.7925898781370979 2.0375760751103269
decision_type=2 2 2 2 2 2 2 2 2 2 2 2 2 2 2 2 2 2 2 2 2
left_child=1 7 -3 14 5 -5 -7 8 13 -10 12 -12 -9 -1 16 18 -2 -17 -6 -16 -21
right_child=3 2 -4 4 15 6 -8 10 9 -11 11 -13 -14 -15 19 17 -18 -19 -20 20 -22
leaf_value=-0.014130695660909019 0.01474864095449448 0.014257857389748097 -0.00056598680093884475 -0.0084311138306345269 0.011715250164270396 0.0073031918080740197 -0.00065764979489388005 0.0039164587855339055 -0.0085357887404305562 0.011254665177119406 0.0059035809710621841 -0.0041884183455882466 -0.010175002777370913 -0.0035262483502587964 0.0087868181988596927 0.0080412333032914545 0.012224210649728773 0.0089746832847595222 0.010600360184907912 0.0086316352089246106 0.008081430356417384
leaf_weight=5.9999999999999991 4.9999999999999982 7.9999999999999991 7.9999999999999991 6.9999999999999991 5.0000000000000018 43 31 4.9999999999999991 7.0000000000000027 19 15.999999999999998 209 29 31 7.9999999999999991 14.000000000000002 5 4.9999999999999991 5 5.9999999999999991 28
leaf_count=6 5 8 8 7 5 43 31 5 7 19 16 209 29 31 8 14 5 5 5 6 28
internal_value=-1.93715e-11 -0.00291979 0.00684594 0.00609191 0.00457874 0.0028967 0.00396824 -0.00340505 -0.000635075 0.00592647 -0.00407882 -0.00347077 -0.00810273 -0.00524589 0.00929286 0.00927685 0.0134864 0.00828688 0.0111578 0.00829439 0.00817853
internal_weight=500 338 16 162 110 81 74 322 63 26 259 225 34 37 52 29 10 19 10 42 34
internal_count=500 338 16 162 110 81 74 322 63 26 259 225 34 37 52 29 10 19 10 42 34
is_linear=0
shrinkage=0.05


Tree=26
num_leaves=13
num_cat=0
split_feature=3 5 3 2 1 4 3 2 2 1 4 4
split_gain=3.24332 0.726611 0.418779 0.731608 0.36822 0.313041 0.334635 0.301278 0.215024 0.187541 0.0945664 0.0655826
threshold=0.60591661398196006 0.95182269859315405 0.60005707702640199 0.94355427536571179 13408514.487327499 1.0348367410992363 0.58623113789332126 1.3677787887393211 0.79145622796239801 72886611.689239442 1.0828111920407719 0.92501905445236676
decision_type=2 2 2 2 2 2 2 2 2 2 2 2
left_child=2 4 3 8 -2 6 -5 9 -1 -6 -7 -3
right_child=1 11 -4 5 7 10 -8 -9 -10 -11 -12 -13
leaf_value=0.002298094779253006 0.0064490338994397066 0.0047104067036083776 0.018378934512535732 0.0045143575345476467 -0.0030733287803770054 0.011432406206925712 -0.0070379416857446952 -0.013388009928166867 -0.010634057141012615 -0.0069294338631961079 0.0070928890887018928 0.011554724403790064
leaf_weight=4.9999999999999991 8.9999999999999982 6.9999999999999982 5.9999999999999991 60 254 14.999999999999998 6.9999999999999991 7.9999999999999991 8.9999999999999982 36 77 7
leaf_count=5 9 7 6 60 254 15 7 8 9 36 77 7
internal_value=-1.19209e-11 -0.00300714 0.00539269 0.0049423 -0.00351514 0.00590713 0.0033074 -0.00381607 -0.00601543 -0.00355202 0.00780042 0.00813257
internal_weight=500 321 179 173 307 159 67 298 14 290 92 14
internal_count=500 321 179 173 307 159 67 298 14 290 92 14
is_linear=0
shrinkage=0.05


Tree=27
num_leaves=13
num_cat=0
split_feature=3 5 3 2 1 1 4 1 2 2 4 4
split_gain=2.92709 0.655767 0.377948 0.660276 0.332318 0.283161 0.28252 0.329263 0.194059 0.173568 0.0853462 0.0591883
threshold=0.60591661398196006 0.95182269859315405 0.60005707702640199 0.94355427536571179 13408514.487327499 15538990.121588932 1.0348367410992363 25269378.469503615 0.79145622796239801 1.3781167109236783 1.0828111920407719 0.92501905445236676
decision_type=2 2 2 2 2 2 2 2 2 2 2 2
left_child=2 4 3 8 -2 -6 7 -5 -1 -7 -8 -3
right_child=1 11 -4 6 5 9 10 -9 -10 -11 -12 -13
leaf_value=0.0021831902861595156 0.0061265825397438479 0.0044748864003590185 0.017459988097349801 0.0015885485469230584 -0.01356273548943656 -0.0032090429491118382 0.01086078574260076 0.011050667410547083 -0.010102353990077972 -0.011802222083012265 0.0067382445389574221 0.010976988077163696
leaf_weight=4.9999999999999991 8.9999999999999982 6.9999999999999982 5.9999999999999991 56 6.9999999999999991 285 14.999999999999998 10.999999999999998 8.9999999999999982 5.9999999999999991 77 7
leaf_count=5 9 7 6 56 7 285 15 11 9 6 77 7
internal_value=2.5332e-11 -0.00285678 0.00512306 0.00469519 -0.00333938 -0.00362527 0.00561178 0.00314203 -0.00571466 -0.00338622 0.0074104 0.00772594
internal_weight=500 321 179 173 307 298 159 67 14 291 92 14
internal_count=500 321 179 173 307 298 159 67 14 291 92 14
is_linear=0
shrinkage=0.05


Tree=28
num_leaves=16
num_cat=0
split_feature=2 1 0 0 0 2 1 1 2 3 4 4 1 2 0
split_gain=2.66189 0.503268 0.29459 0.22857 0.463236 0.217195 0.180531 0.32559 0.416595 0.236627 0.165999 0.310153 0.0325685 0.00763193 0.00248558
threshold=1.1565509196575368 30251106.290878318 0.06678875800465256 0.21626476984671419 0.21134354788729451 0.33457010229389 10323177.889918994 11205490.076427592 1.7526082649039483 0.60591661398196006 0.95963618567935927 1.0274733967477894 35379093.937732212 2.0770673427453228 0.2215848145073202
decision_type=2 2 2 2 2 2 2 2 2 2 2 2 2 2 2
left_child=2 6 -1 4 5 -4 10 8 -8 -9 13 -12 -3 -2 -5
right_child=1 12 3 14 -6 -7 7 9 -10 -11 11 -13 -14 -15 -16
leaf_value=0.0061076098018222388 0.014163669496774675 -0.0026533159613609321 -0.010332329124212267 -0.010970567911863328 0.010944335162639618 -0.0028322019701381381 -0.013197470456361774 0.0067180547035402723 0.0054348359505335484 0.00035146944224834442 -0.0031665217131376269 0.0072257664373942786 -0.0081172383079926164 0.011518685519695281 -0.0094611151764790215
leaf_weight=8.9999999999999982 4.9999999999999982 4.9999999999999982 9.9999999999999982 4.9999999999999982 5.9999999999999991 278 5.9999999999999982 54 6 20 7.9999999999999991 70 6 6 6
leaf_count=9 5 5 10 5 6 278 6 54 6 20 8 70 6 6 6
internal_value=-1.3411e-11 0.00474011 -0.00280784 -0.00307091 -0.00280615 -0.00309262 0.00539217 0.00375847 -0.00388132 0.00499736 0.00697081 0.00615989 -0.00563364 0.012721 -0.0101472
internal_weight=500 186 314 305 294 288 175 86 12 74 89 78 11 11 11
internal_count=500 186 314 305 294 288 175 86 12 74 89 78 11 11 11
is_linear=0
shrinkage=0.05


Tree=29
num_leaves=23
num_cat=0
split_feature=2 1 0 0 2 2 1 1 3 2 0 3 1 1 2 3 0 1 2 4 3 3
split_gain=2.40236 0.454199 0.267872 0.56612 0.811885 0.920375 0.428567 0.379578 0.70869 0.313202 0.284205 0.210923 0.16293 0.293845 0.375977 0.213556 0.154781 0.154773 0.256026 0.0856532 0.0300578 0.00898369
threshold=1.1565509196575368 30251106.290878318 0.14043796210351381 0.1316852352296759 0.79145622796239801 0.8845661137394919 25775101.989758659 36335723.824365377 0.66739584949995601 0.51711561914564752 0.14880685747718778 0.62409763194585255 10323177.889918994 11205490.076427592 1.7526082649039483 0.60591661398196006 0.21310699299265343 5712370.748544177 1.6735050738670385 1.90532718231892 0.76119402751507426 0.74201787102176142
decision_type=2 2 2 2 2 2 2 2 2 2 2 2 2 2 2 2 2 2 2 2 2 2
left_child=2 12 3 4 11 -6 16 8 -8 -5 -9 -1 17 14 -14 -15 21 18 -2 -19 -3 -4
right_child=1 20 6 9 5 -7 7 10 -10 -11 -12 -13 13 15 -16 -17 -18 19 -20 -21 -22 -23
leaf_value=0.002902251978715261 -0.0013829940309127173 -0.0024888145178556449 -0.013298316746950131 0.015937957486936029 0.015778954848647119 -0.00068864324795348312 0.019337947666645039 -0.01115925036943876 -0.001354241743683815 0.00098083264061382832 -0.0032865260295646711 -0.0069299955541888879 -0.012537596747279171 0.0063821520242426134 0.0051630941530068711 0.00033389598131179811 -0.0024058346947034201 0.012217997709910073 0.0067997369281155009 0.0068746784826119751 -0.0077379065255324042 -0.010902575237883462
leaf_weight=5.9999999999999991 11.999999999999998 4.9999999999999982 5.0000000000000062 6.9999999999999982 9.9999999999999982 56 5.0000000000000027 12.999999999999998 24 7 97 60 5.9999999999999982 54 6 20 5.9999999999999991 15.000000000000002 47 14.999999999999998 6 18
leaf_count=6 12 5 5 7 10 56 5 13 24 7 97 60 6 54 6 20 6 15 47 15 6 18
internal_value=-2.98023e-12 0.0045031 -0.00266744 -0.00110088 -0.00211485 0.00180645 -0.00402886 -0.00287536 0.00221338 0.0084594 -0.00421694 -0.00603615 0.00512257 0.00357055 -0.00368725 0.00474749 -0.00955769 0.00662227 0.00513545 0.00954634 -0.00535196 -0.0114234
internal_weight=500 186 314 146 132 66 168 139 29 14 110 66 175 86 12 74 29 89 59 30 11 23
internal_count=500 186 314 146 132 66 168 139 29 14 110 66 175 86 12 74 29 89 59 30 11 23
is_linear=0
shrinkage=0.05


Tree=30
num_leaves=16
num_cat=0
split_feature=2 1 0 0 0 2 4 1 2 3 2 2 0 1 2
split_gain=2.16813 0.409915 0.248463 0.206663 0.423361 0.200125 0.157626 0.22415 0.366037 0.252644 0.028871 0.00548785 0.00222962 0.0015359 0.000762936
threshold=1.1565509196575368 30251106.290878318 0.06678875800465256 0.21626476984671419 0.21134354788729451 0.42585241740730273 1.90532718231892 18167556.137508951 2.2866980564689405 0.60880315035459487 1.2088587026388298 1.6735050738670385 0.2215848145073202 3192309.5142536047 2.3242295251914622
decision_type=2 2 2 2 2 2 2 2 2 2 2 2 2 2 2
left_child=2 6 -1 4 5 -4 7 8 -2 -9 -3 13 -5 -8 -13
right_child=1 10 3 12 -6 -7 11 9 -10 -11 -12 14 -14 -15 -16
leaf_value=0.0056536884771453012 -0.00021002238988876345 -0.0074227323134740206 -0.0060328346836130801 -0.010284134149551394 0.010621434698502224 -0.0022607951240259626 0.0082082189619541168 0.0095787115693092353 0.0089368715882301338 0.00098513009456487814 -0.0022783081233501432 0.0066434686436601309 -0.0088545136153697964 0.0071349402517080305 0.006272762119770051
leaf_weight=8.9999999999999982 50 5.9999999999999982 41 4.9999999999999982 5.9999999999999991 247 4.9999999999999991 25 13.999999999999998 12.999999999999998 5 23 6 9.9999999999999982 35
leaf_count=9 50 6 41 5 6 247 5 25 14 13 5 23 6 10 35
internal_value=2.68221e-11 0.00427795 -0.00253407 -0.00277568 -0.00252393 -0.00279779 0.00486644 0.00359696 0.00179086 0.0066388 -0.00508436 0.00664023 -0.00950434 0.0074927 0.00641977
internal_weight=500 186 314 305 294 288 175 102 64 38 11 73 11 15 58
internal_count=500 186 314 305 294 288 175 102 64 38 11 73 11 15 58
is_linear=0
shrinkage=0.05


Tree=31
num_leaves=23
num_cat=0
split_feature=2 1 0 0 2 2 1 1 3 2 0 3 0 1 1 0 3 1 2 4 1 3
split_gain=1.95673 0.369948 0.237384 0.518512 0.714359 0.827489 0.384735 0.340611 0.641879 0.28805 0.257402 0.191384 0.146507 0.142566 0.267747 0.491645 0.228011 0.14896 0.229273 0.0869949 0.0268147 0.00892582
threshold=1.1565509196575368 30251106.290878318 0.14043796210351381 0.1316852352296759 0.79145622796239801 0.8845661137394919 25775101.989758659 36335723.824365377 0.66739584949995601 0.51711561914564752 0.14880685747718778 0.62409763194585255 0.21310699299265343 10323177.889918994 18167556.137508951 0.079403676245398958 0.60880315035459487 5712370.748544177 1.6735050738670385 1.90532718231892 35379093.937732212 0.74201787102176142
decision_type=2 2 2 2 2 2 2 2 2 2 2 2 2 2 2 2 2 2 2 2 2 2
left_child=2 13 3 4 11 -6 12 8 -8 -5 -9 -1 21 17 15 -15 -16 18 -2 -19 -3 -4
right_child=1 20 6 9 5 -7 7 10 -10 -11 -12 -13 -14 14 16 -17 -18 19 -20 -21 -22 -23
leaf_value=0.0029330468426148099 -0.0016011392076810201 -0.002125867605209351 -0.012611463367938978 0.015388814998524531 0.015023902207612991 -0.0005906368871884687 0.018521809726953494 -0.010473740272797072 -0.0011708741076290607 0.0010448308927672248 -0.0029814477894724032 -0.006432735733687878 -0.0019693764547506968 0.0051517728164240176 0.0090997760146856298 -0.0050488047124374481 0.00093587304537112899 0.011587109168370562 0.0061422753127965525 0.006202103619774183 -0.0070836998522281636 -0.01022345084283087
leaf_weight=5.9999999999999991 11.999999999999998 4.9999999999999982 5.0000000000000062 6.9999999999999982 9.9999999999999982 56 5.0000000000000027 12.999999999999998 24 7 97 60 5.9999999999999991 27 25 21 12.999999999999998 15.000000000000002 47 14.999999999999998 6 18
leaf_count=6 12 5 5 7 10 56 5 13 24 7 97 60 6 27 25 21 13 15 47 15 6 18
internal_value=-4.84288e-11 0.00406405 -0.00240737 -0.000932651 -0.00190305 0.0017752 -0.00368897 -0.00259605 0.00222442 0.00821682 -0.0038669 -0.0055813 -0.00892744 0.00462312 0.00317132 0.00068902 0.00630686 0.00602597 0.00456734 0.00889461 -0.00483014 -0.0107426
internal_weight=500 186 314 146 132 66 168 139 29 14 110 66 29 175 86 48 38 89 59 30 11 23
internal_count=500 186 314 146 132 66 168 139 29 14 110 66 29 175 86 48 38 89 59 30 11 23
is_linear=0
shrinkage=0.05


Tree=32
num_leaves=23
num_cat=0
split_feature=2 1 0 0 2 2 1 1 1 2 2 0 4 1 2 3 0 3 3 2 1 1
split_gain=1.76595 0.333878 0.214239 0.467957 0.644709 0.746809 0.347223 0.307401 0.60871 0.262486 0.233753 0.196406 0.143829 0.191584 0.322203 0.20578 0.132222 0.0256815 0.00805555 0.00699902 0.00206076 0.000654165
threshold=1.1565509196575368 30251106.290878318 0.14043796210351381 0.1316852352296759 0.79145622796239801 0.8845661137394919 25775101.989758659 36335723.824365377 31322720.10163353 0.78078515184979103 0.96868959201703564 0.087877069178137548 1.90532718231892 18167556.137508951 2.2866980564689405 0.60880315035459487 0.21310699299265343 0.76119402751507426 0.74201787102176142 1.6735050738670385 3192309.5142536047 10323177.889918994
decision_type=2 2 2 2 2 2 2 2 2 2 2 2 2 2 2 2 2 2 2 2 2 2
left_child=2 12 3 4 11 -6 16 8 -8 -5 -9 -1 13 14 -2 -15 18 -3 -4 20 -14 -21
right_child=1 17 6 9 5 -7 7 10 -10 -11 -12 -13 19 15 -16 -17 -18 -19 -20 21 -22 -23
leaf_value=-0.011401263692162255 -0.0003676986992359162 -0.0019421195983886721 -0.011980890184640868 0.012908945729335151 0.0142727068066597 -0.0005611050474856582 -0.004416423570364713 -0.0047600965615775849 0.010149649817209977 -0.0013793531060218812 0.0012158794328570367 -0.0040824302624572406 0.0078778652846813214 0.0086447872221469876 0.0082140492541449405 0.0008890795593078319 -0.0018709074705839158 -0.006794060394167899 -0.0097122784290048815 0.0057471181617842785 0.0066346561163663862 0.0061497884874160483
leaf_weight=10.999999999999998 50 4.9999999999999982 5.0000000000000062 8.9999999999999982 9.9999999999999982 56 16.000000000000004 90 12.999999999999998 4.9999999999999991 20 55 4.9999999999999991 25 13.999999999999998 12.999999999999998 5.9999999999999991 6 18 45 9.9999999999999982 12.999999999999998
leaf_count=11 50 5 5 9 10 56 16 90 13 5 20 55 5 25 14 13 6 6 18 45 10 13
internal_value=-1.63913e-11 0.00386085 -0.002287 -0.000886018 -0.0018079 0.00168644 -0.00350452 -0.00246625 0.0021132 0.00780598 -0.00367356 -0.00530224 0.00439196 0.00317931 0.00150956 0.00599152 -0.00848107 -0.00458863 -0.0102055 0.00608635 0.00704906 0.00583737
internal_weight=500 186 314 146 132 66 168 139 29 14 110 66 175 102 64 38 29 11 23 73 15 58
internal_count=500 186 314 146 132 66 168 139 29 14 110 66 175 102 64 38 29 11 23 73 15 58
is_linear=0
shrinkage=0.05


Tree=33
num_leaves=16
num_cat=0
split_feature=2 1 0 0 2 1 2 4 3 0 2 2 2 1 2
split_gain=1.59377 0.301325 0.196692 0.379632 0.20822 0.29801 0.181925 0.129806 0.183885 0.353163 0.0237458 0.00631662 0.00223726 0.00185983 0.000606763
threshold=1.1565509196575368 30251106.290878318 0.21626476984671419 0.21134354788729451 0.42585241740730273 72886611.689239442 0.38322672097508065 1.90532718231892 0.29017453559026524 0.027811807773157646 1.2088587026388298 1.6735050738670385 0.85016531402288176 3192309.5142536047 2.3242295251914622
decision_type=2 2 2 2 2 2 2 2 2 2 2 2 2 2 2
left_child=2 7 3 4 6 -6 -1 8 -2 -10 -3 13 -4 -9 -13
right_child=1 10 12 -5 5 -7 -8 11 9 -11 -12 14 -14 -15 -16
leaf_value=-0.0025474542832892876 0.010297495312988758 -0.0064798887198170042 -0.0080895632505416891 0.010517601172129314 -0.0010344042879554024 -0.0063382470607757568 -0.0092587723914119933 0.0074839718639850622 -0.0093360440184672676 0.0032012647822160616 -0.0018143758177757261 0.0057449999062911331 -0.0095216323435306539 0.0063029233738780034 0.0054144054544823517
leaf_weight=23 7.9999999999999991 5.9999999999999982 5.9999999999999982 5.9999999999999991 226 30 18 4.9999999999999991 5.9999999999999991 88 5 23 5 9.9999999999999982 35
leaf_count=23 8 6 6 6 226 30 18 5 6 88 5 23 5 10 35
internal_value=5.96046e-12 0.00366781 -0.00217265 -0.00193421 -0.00218576 -0.00165595 -0.00549389 0.00417236 0.00302034 0.00240101 -0.0043592 0.00578203 -0.0087405 0.00669661 0.0055455
internal_weight=500 186 314 303 297 256 41 175 102 94 11 73 11 15 58
internal_count=500 186 314 303 297 256 41 175 102 94 11 73 11 15 58
is_linear=0
shrinkage=0.05


Tree=34
num_leaves=12
num_cat=0
split_feature=3 5 3 2 0 4 1 4 3 0 1
split_gain=1.44541 0.496075 0.356497 0.419296 0.249889 0.272675 0.23671 0.265677 0.203297 0.141349 0.0741932
threshold=0.60591661398196006 0.95182269859315405 0.60005707702640199 0.94355427536571179 0.062371090452878919 1.0107630101378386 28357042.344483357 1.016267675541902 0.58623113789332126 0.20448175866875426 10502512.145883473
decision_type=2 2 2 2 2 2 2 2 2 2 2
left_child=2 4 3 8 -2 9 7 -5 -1 -6 -3
right_child=1 10 -4 6 5 -7 -8 -9 -10 -11 -12
leaf_value=-0.0096019338402483206 0.0086592261493206018 0.0023135027289390565 0.015581742053230605 0.00071173522069498346 -0.0028461814086145 -0.014190083146095276 0.013656940435369811 0.0050716512808294013 0.0029726530611515044 0.00034902043640613558 0.0099099374479717679
leaf_weight=8.9999999999999982 4.9999999999999991 4.9999999999999991 5.9999999999999991 54 257 4.9999999999999991 5.9999999999999991 99 4.9999999999999991 40 8.9999999999999982
leaf_count=9 5 5 6 54 257 5 6 99 5 40 9
internal_value=-8.9407e-12 -0.00200749 0.00360003 0.00318448 -0.00242724 -0.00261079 0.0039149 0.00353286 -0.00511101 -0.00241585 0.00719693
internal_weight=500 321 179 173 307 302 159 153 14 297 14
internal_count=500 321 179 173 307 302 159 153 14 297 14
is_linear=0
shrinkage=0.05


Tree=35
num_leaves=23
num_cat=0
split_feature=2 1 0 0 2 2 1 1 2 1 2 3 0 1 1 2 2 4 4 3 3 3
split_gain=1.3063 0.264815 0.193724 0.427992 0.554553 0.692816 0.313975 0.278146 0.455586 0.277178 0.243355 0.177237 0.125127 0.116213 0.247694 0.306488 0.174707 0.154788 0.242792 0.0188209 0.00970023 0.00806328
threshold=1.1565509196575368 30251106.290878318 0.14043796210351381 0.1316852352296759 0.79145622796239801 0.8845661137394919 25775101.989758659 40763298.065043636 0.53271081181537672 48980423.254875787 0.51711561914564752 0.76685804749778852 0.21310699299265343 10323177.889918994 11205490.076427592 1.7526082649039483 1.3677787887393211 0.95963618567935927 1.0274733967477894 0.76119402751507426 0.45291235060892149 0.74201787102176142
decision_type=2 2 2 2 2 2 2 2 2 2 2 2 2 2 2 2 2 2 2 2 2 2
left_child=2 13 3 4 11 -6 12 8 -8 -9 -5 -1 21 17 15 -15 -16 20 -19 -3 -2 -4
right_child=1 19 6 10 5 -7 7 9 -10 -11 -12 -13 -14 14 16 -17 -18 18 -20 -21 -22 -23
leaf_value=-0.0023919090421663392 0.0089862392842769648 -0.0019388290494680408 -0.011310788840055451 0.014269931933709557 0.013847177773714065 -0.00044034340285829137 -0.0067979689974051252 -0.0096797277685254819 0.0043018259573727848 -0.0024552578966204937 0.0010856733790465764 -0.0075955506538351383 -0.001426668092608452 -0.012171419709920885 0.0072984703901139182 0.0038100272417068478 0.0019831611273380427 -0.0039746118709445 0.0052201579670820919 -0.0060924390951792393 0.011968164145946501 -0.009041088943680128
leaf_weight=36 4.9999999999999982 4.9999999999999982 5.0000000000000062 6.9999999999999982 9.9999999999999982 56 12.999999999999998 15.999999999999998 32 78 7 30 5.9999999999999991 5.9999999999999982 22 6 52 7.9999999999999991 70 6 6 18
leaf_count=36 5 5 5 7 10 56 13 16 32 78 7 30 6 6 22 6 52 8 70 6 6 18
internal_value=-8.9407e-12 0.00332058 -0.00196697 -0.00063475 -0.00151638 0.00172443 -0.00312473 -0.00213742 0.00109522 -0.00368495 0.0076778 -0.0047572 -0.00785702 0.00379358 0.00248282 -0.0041807 0.00356339 0.00506016 0.0042771 -0.00420443 0.0106127 -0.0095345
internal_weight=500 186 314 146 132 66 168 139 45 94 14 66 29 175 86 12 74 89 78 11 11 23
internal_count=500 186 314 146 132 66 168 139 45 94 14 66 29 175 86 12 74 89 78 11 11 23
is_linear=0
shrinkage=0.05


Tree=36
num_leaves=12
num_cat=0
split_feature=3 5 3 2 0 4 1 4 3 0 1
split_gain=1.1916 0.43842 0.326818 0.358184 0.220947 0.249695 0.21919 0.238012 0.192848 0.13595 0.0683828
threshold=0.60591661398196006 0.95182269859315405 0.60005707702640199 0.94355427536571179 0.062371090452878919 1.0107630101378386 28357042.344483357 0.98965280342461581 0.58623113789332126 0.20448175866875426 10502512.145883473
decision_type=2 2 2 2 2 2 2 2 2 2 2
left_child=2 4 3 8 -2 9 7 -5 -1 -6 -3
right_child=1 10 -4 6 5 -7 -8 -9 -10 -11 -12
leaf_value=-0.0091703112754556865 0.0082073645293712621 0.0021419773250818254 0.014740829169750214 2.4124243578245476e-05 -0.0026254236045862452 -0.013470561653375627 0.012920506981511912 0.0044112960892644798 0.0030768474936485289 0.00050816347822546959 0.0094348950518502138
leaf_weight=8.9999999999999982 4.9999999999999991 4.9999999999999991 5.9999999999999991 43 257 4.9999999999999991 5.9999999999999991 110 4.9999999999999991 40 8.9999999999999982
leaf_count=9 5 5 6 43 257 5 6 110 5 40 9
internal_value=-1.11759e-11 -0.00182274 0.00326871 0.00287083 -0.00221734 -0.00238993 0.00354593 0.0031783 -0.00479633 -0.00220339 0.00683028
internal_weight=500 321 179 173 307 302 159 153 14 297 14
internal_count=500 321 179 173 307 302 159 153 14 297 14
is_linear=0
shrinkage=0.05


Tree=37
num_leaves=12
num_cat=0
split_feature=3 5 3 2 0 4 1 4 2 1 1
split_gain=1.07542 0.395674 0.294953 0.323261 0.199405 0.225349 0.197819 0.214806 0.189747 0.126966 0.0617155
threshold=0.60591661398196006 0.95182269859315405 0.60005707702640199 0.94355427536571179 0.062371090452878919 1.0107630101378386 28357042.344483357 0.98965280342461581 0.79145622796239801 72886611.689239442 10502512.145883473
decision_type=2 2 2 2 2 2 2 2 2 2 2
left_child=2 4 3 8 -2 9 7 -5 -1 -6 -3
right_child=1 10 -4 6 5 -7 -8 -9 -10 -11 -12
leaf_value=0.003253106027841568 0.0077969963848590861 0.002034878432750702 0.014003787686427436 2.2917959925740266e-05 -0.001709279432264781 -0.012797033339738846 0.012274481480320294 0.0041907312822612851 -0.0088951853414376576 -0.004876806473152505 0.008963150199916628
leaf_weight=4.9999999999999991 4.9999999999999991 4.9999999999999991 5.9999999999999991 43 261 4.9999999999999991 5.9999999999999991 110 8.9999999999999982 36 8.9999999999999982
leaf_count=5 5 5 6 43 261 5 6 110 9 36 9
internal_value=-3.05474e-11 -0.0017316 0.00310528 0.00272729 -0.00210647 -0.00227044 0.00336863 0.00301939 -0.00455651 -0.00209322 0.00648877
internal_weight=500 321 179 173 307 302 159 153 14 297 14
internal_count=500 321 179 173 307 302 159 153 14 297 14
is_linear=0
shrinkage=0.05


Tree=38
num_leaves=17
num_cat=0
split_feature=4 2 3 4 5 1 1 0 0 3 3 3 1 2 3 4
split_gain=0.975619 0.476073 0.200444 0.173191 0.163808 0.155087 0.278232 0.128396 0.388257 0.330892 0.773109 0.50691 0.280994 0.152304 0.123138 0.282312
threshold=1.0000000180025095e-35 0.96868959201703564 0.60591661398196006 0.92501905445236676 1.0004975297019294 45366399.603806615 28357042.344483357 0.17064622458079406 0.20448175866875426 0.91231536265097446 0.93236625607073409 0.77608994270380505 63764793.974376097 0.82259150467344411 0.67930848314943304 0.98965280342461581
decision_type=2 2 2 2 2 2 2 2 2 2 2 2 2 2 2 2
left_child=2 -2 4 -3 5 6 -1 9 13 11 -11 -4 -10 -9 15 -5
right_child=1 3 7 14 -6 -7 -8 8 12 10 -12 -13 -14 -15 -16 -17
leaf_value=0.0017834693193435663 -0.011965833306312561 0.010441132303741244 0.00012097573168923923 -0.0028273938016759024 -0.0063100796937942509 -0.0045734895765781403 0.013531316284622466 -0.003369628659316472 0.0023365913506816416 0.015937027169598467 -0.002010924079351955 -0.0055043998290784657 -0.009399763867259027 -0.0081422147923149168 0.011005583405494691 0.00387693704598076
leaf_weight=18.000000000000007 4.9999999999999991 8.9999999999999982 107 18 4.9999999999999991 4.9999999999999991 6.9999999999999991 35 34 9.0000000000000018 18 64 5.9999999999999991 32 4.9999999999999991 123
leaf_count=18 5 9 107 18 5 5 7 35 34 9 18 64 6 32 5 123
internal_value=-7.07805e-12 0.00321962 -0.00151512 0.00370947 0.00206868 0.00346514 0.00507287 -0.00192637 -0.00332189 -0.00117223 0.00397173 -0.00198443 0.000576138 -0.00564907 0.00329451 0.00302107
internal_weight=500 160 340 155 35 30 25 305 107 198 27 171 40 67 146 141
internal_count=500 160 340 155 35 30 25 305 107 198 27 171 40 67 146 141
is_linear=0
shrinkage=0.05


Tree=39
num_leaves=14
num_cat=0
split_feature=2 1 0 0 2 0 0 0 1 0 1 1 3
split_gain=0.883409 0.21123 0.191563 0.330703 0.196083 0.190476 0.119699 0.281464 0.119991 0.110567 0.0114376 0.00220429 0.00159301
threshold=1.1565509196575368 30251106.290878318 0.21626476984671419 0.21134354788729451 0.33457010229389 0.17064622458079406 0.11178391303009576 0.10657524320425964 25612043.199935056 0.09869212131976407 35379093.937732212 45366399.603806615 0.77872418872622207
decision_type=2 2 2 2 2 2 2 2 2 2 2 2 2
left_child=2 6 3 4 11 -6 7 9 -8 -2 -3 -1 -4
right_child=1 10 12 -5 5 -7 8 -9 -10 -11 -12 -13 -14
leaf_value=-0.0092419743537902853 0.0028248071580611427 -0.0022238257527351381 -0.0087583473324775712 0.010239475468794506 -0.00052765130996704104 -0.0033302228127060269 0.011566963791847231 -0.0078442885229984931 0.0016931068897247312 0.0080243455754085025 -0.0054617953176299729 -0.007757290378212928 -0.0075499339029192914
leaf_weight=4.9999999999999982 145 4.9999999999999982 4.9999999999999982 5.9999999999999991 200 87 7.9999999999999982 5.9999999999999991 5 10.999999999999998 6 5 6
leaf_count=5 145 5 5 6 200 87 8 6 5 11 6 5 6
internal_value=-1.08033e-11 0.0027307 -0.00161755 -0.00138224 -0.00161702 -0.00137721 0.00315314 0.00278271 0.00776933 0.00319144 -0.00398999 -0.00849963 -0.00809921
internal_weight=500 186 314 303 297 287 175 162 13 156 11 10 11
internal_count=500 186 314 303 297 287 175 162 13 156 11 10 11
is_linear=0
shrinkage=0.05


Tree=40
num_leaves=12
num_cat=0
split_feature=3 5 3 2 2 2 3 1 0 3 2
split_gain=0.813969 0.328793 0.260559 0.261894 0.197548 0.452085 0.164666 0.358363 0.249732 0.16344 0.0577923
threshold=0.60591661398196006 0.95182269859315405 0.60005707702640199 0.94355427536571179 1.0088269535301977 1.14263493549948 0.61637661944477107 13408514.487327499 0.088456291409989271 0.58623113789332126 1.6558853591210212
decision_type=2 2 2 2 2 2 2 2 2 2 2
left_child=2 6 3 9 -5 -6 -2 -8 -9 -1 -3
right_child=1 10 -4 4 5 -7 7 8 -10 -11 -12
leaf_value=-0.0082364808354112844 -0.0094289960605757582 0.0087691033724695468 0.012944961121926704 0.010580435115844012 -0.0090489372611045841 0.0031649997536014845 0.0087690926156938076 -0.0066343859411202941 -0.0015002014745671051 0.0030382668972015383 0.0022775517155726745
leaf_weight=8.9999999999999982 6.9999999999999991 7.9999999999999982 5.9999999999999991 7.9999999999999991 7.9999999999999991 143 7.9999999999999991 26 266 4.9999999999999991 6
leaf_count=9 7 8 6 8 8 143 8 26 266 5 6
internal_value=7.45058e-13 -0.00150648 0.00270156 0.0023463 0.00292357 0.0025179 -0.0018482 -0.00167132 -0.00195735 -0.00420979 0.00598701
internal_weight=500 321 179 173 159 151 307 300 292 14 14
internal_count=500 321 179 173 159 151 307 300 292 14 14
is_linear=0
shrinkage=0.05


Tree=41
num_leaves=12
num_cat=0
split_feature=3 5 3 2 2 2 2 0 4 0 1
split_gain=0.734607 0.296736 0.235155 0.23636 0.178287 0.408007 0.159561 0.152599 0.227848 0.111906 0.0577404
threshold=0.60591661398196006 0.95182269859315405 0.60005707702640199 0.94355427536571179 1.0088269535301977 1.14263493549948 0.79145622796239801 0.062371090452878919 1.0107630101378386 0.20448175866875426 10502512.145883473
decision_type=2 2 2 2 2 2 2 2 2 2 2
left_child=2 7 3 6 -5 -6 -1 -2 9 -9 -3
right_child=1 10 -4 4 5 -7 -8 8 -10 -11 -12
leaf_value=0.0031622226536273963 0.006907745003700257 0.0013795963674783707 0.012297713135679563 0.010051413532346488 -0.0085964903235435496 0.0030067497799238126 -0.0079779176248444463 -0.0021039287896703653 -0.012484013289213182 0.00073907681740820414 0.0080810276170571651
leaf_weight=4.9999999999999991 4.9999999999999991 4.9999999999999991 5.9999999999999991 7.9999999999999991 7.9999999999999991 143 8.9999999999999982 257 4.9999999999999991 40 8.9999999999999982
leaf_count=5 5 5 6 8 8 143 9 257 5 40 9
internal_value=7.45058e-13 -0.00143115 0.00256648 0.00222899 0.00277739 0.00239201 -0.0039993 -0.00175579 -0.00189923 -0.00172103 0.00568766
internal_weight=500 321 179 173 159 151 14 307 302 297 14
internal_count=500 321 179 173 159 151 14 307 302 297 14
is_linear=0
shrinkage=0.05


Tree=42
num_leaves=12
num_cat=0
split_feature=3 5 3 2 1 4 3 1 2 1 0
split_gain=0.662983 0.267804 0.212227 0.213315 0.177753 0.173924 0.146484 0.143178 0.311908 0.162581 0.0540905
threshold=0.60591661398196006 0.95182269859315405 0.60005707702640199 0.94355427536571179 28357042.344483357 1.0348367410992363 0.58623113789332126 13408514.487327499 1.3677787887393211 15538990.121588932 0.086848602029052396
decision_type=2 2 2 2 2 2 2 2 2 2 2
left_child=2 7 3 6 5 -5 -1 -2 9 -9 -3
right_child=1 10 -4 4 -6 -7 -8 8 -10 -11 -12
leaf_value=-0.0076114300224516124 0.0045453425910737784 0.0085111732993807115 0.011682827646533649 0.00026510956907464616 0.011080602649599314 0.0036989446422392193 0.0030624464154243472 -0.010525039881467821 -0.011594989523291589 -0.0014301738410926702 0.0022953793406486509
leaf_weight=8.9999999999999982 8.9999999999999982 6.9999999999999982 5.9999999999999991 62 5.9999999999999991 91 4.9999999999999991 4.9999999999999991 7.9999999999999991 285 7
leaf_count=9 9 7 6 62 6 91 5 5 8 285 7
internal_value=-1.82539e-11 -0.0013596 0.00243816 0.00211754 0.00263852 0.00230746 -0.00379933 -0.001668 -0.00185565 -0.00158698 0.00540328
internal_weight=500 321 179 173 159 153 14 307 298 290 14
internal_count=500 321 179 173 159 153 14 307 298 290 14
is_linear=0
shrinkage=0.05


Tree=43
num_leaves=13
num_cat=0
split_feature=3 5 1 2 0 3 2 0 2 2 2 3
split_gain=0.598342 0.244974 0.207855 0.290421 0.228456 0.191535 0.192516 0.167431 0.163291 0.364442 0.143037 0.107956
threshold=0.60591661398196006 1.0126770254035284 13408514.487327499 1.3677787887393211 0.085079670172594504 0.60005707702640199 0.94355427536571179 0.079004201625249459 1.0088269535301977 1.14263493549948 0.79145622796239801 0.66739584949995601
decision_type=2 2 2 2 2 2 2 2 2 2 2 2
left_child=5 2 4 7 -2 6 10 -4 -8 -10 -1 -5
right_child=1 -3 3 11 -6 -7 8 -9 9 -11 -12 -13
leaf_value=0.0031712057441473009 0.0099323462229222084 0.0079594902694225308 0.0075933799147605901 -0.015338419973850255 -0.0036919177323579779 0.011098686295251053 0.0094679904170334346 -0.001635868517173962 -0.0082475183531641964 0.0027187718208748976 -0.0073763480203019247 -0.0049482367932796477
leaf_weight=4.9999999999999991 7.9999999999999982 6.9999999999999991 4.9999999999999991 4.9999999999999982 5 5.9999999999999991 7.9999999999999991 286 7.9999999999999991 143 8.9999999999999982 5
leaf_count=5 8 7 5 5 5 6 8 286 8 143 9 5
internal_value=-1.19209e-11 -0.00129162 -0.00149785 -0.0017652 0.00469224 0.00231625 0.00201166 -0.00147729 0.00250659 0.00213778 -0.00360936 -0.0101433
internal_weight=500 321 314 301 13 179 173 291 159 151 14 10
internal_count=500 321 314 301 13 179 173 291 159 151 14 10
is_linear=0
shrinkage=0.05


Tree=44
num_leaves=13
num_cat=0
split_feature=3 5 1 2 0 3 2 1 4 0 3 5
split_gain=0.540004 0.221089 0.18759 0.262105 0.206182 0.17286 0.173746 0.161405 0.154684 0.151106 0.131286 0.105224
threshold=0.60591661398196006 1.0126770254035284 13408514.487327499 1.3677787887393211 0.085079670172594504 0.60005707702640199 0.94355427536571179 28357042.344483357 1.0348367410992363 0.079004201625249459 0.58623113789332126 0.92259726396627573
decision_type=2 2 2 2 2 2 2 2 2 2 2 2
left_child=5 2 4 9 -2 6 10 8 -8 -4 -1 -5
right_child=1 -3 3 11 -6 -7 7 -9 -10 -11 -12 -13
leaf_value=-0.0070378337469365866 0.0094357289373874689 0.0075615159635032932 0.0072137109935283663 -0.014765096604824069 -0.0035073216259479522 0.010543751964966458 0.0001397215070263032 0.010425775994857153 0.0033780588533033383 -0.001554075056700023 0.0030671909451484682 -0.0045072269439697258
leaf_weight=8.9999999999999982 7.9999999999999982 6.9999999999999991 4.9999999999999991 4.9999999999999982 5 5.9999999999999991 62 5.9999999999999991 91 286 4.9999999999999991 5
leaf_count=9 8 7 5 5 5 6 62 6 91 286 5 5
internal_value=2.79397e-11 -0.00122704 -0.00142296 -0.00167694 0.00445763 0.00220044 0.00191108 0.00238126 0.00206579 -0.00140343 -0.0034289 -0.00963616
internal_weight=500 321 314 301 13 179 173 159 153 291 14 10
internal_count=500 321 314 301 13 179 173 159 153 291 14 10
is_linear=0
shrinkage=0.05


Tree=45
num_leaves=13
num_cat=0
split_feature=2 2 5 2 0 3 1 2 0 4 4 4
split_gain=0.491506 0.67496 0.483531 0.18829 0.234848 0.164323 0.265574 0.153607 0.125543 0.116272 0.225316 0.054234
threshold=1.6642808382205214 1.6106757985058866 0.94476085402481125 1.7526082649039483 0.092743048243941348 0.60591661398196006 5712370.748544177 1.057873705796768 0.096962406597327036 0.95325721258452267 1.0236894215506827 0.99293696010385302
decision_type=2 2 2 2 2 2 2 2 2 2 2 2
left_child=1 2 5 -2 9 6 -1 -4 -7 -5 -11 -9
right_child=3 -3 7 4 -6 8 -8 11 -10 10 -12 -13
leaf_value=-0.0094588387757539756 0.010100643460949263 -0.014303456577989791 -0.0021454590771879472 0.0094278065221650269 -0.0062784318679145398 -0.0036713129485195332 0.0026497901572535439 0.0085286240612801444 -0.0010279145821624873 -0.0058477007384811139 0.0035865194643988755 0.0044552256395532326
leaf_weight=4.9999999999999991 8.9999999999999982 8.9999999999999982 6.9999999999999991 6.9999999999999991 6.9999999999999991 55 48 12.999999999999998 245 6.9999999999999991 66 22
leaf_count=5 9 9 7 7 7 55 48 13 245 7 66 22
internal_value=-7.59028e-12 -0.000764178 -0.000455688 0.00321591 0.0025037 -0.00105911 0.00150747 0.00461593 -0.00151254 0.00327214 0.00268187 0.0059682
internal_weight=500 404 395 96 87 353 53 42 300 80 73 35
internal_count=500 404 395 96 87 353 53 42 300 80 73 35
is_linear=0
shrinkage=0.05


Tree=46
num_leaves=15
num_cat=0
split_feature=2 2 5 2 4 3 3 3 2 0 4 4 3 0
split_gain=0.443584 0.609151 0.436386 0.169932 0.227121 0.483124 0.148301 0.250078 0.13863 0.114435 0.0495938 0.0211974 0.0189409 0.000620507
threshold=1.6642808382205214 1.6106757985058866 0.94476085402481125 1.7526082649039483 0.98387270160717677 0.40484543883215135 0.60591661398196006 0.44743907523168241 1.057873705796768 0.088456291409989271 1.0054272555031571 1.90532718231892 0.5724182399106702 0.033203248916742319
decision_type=2 2 2 2 2 2 2 2 2 2 2 2 2 2
left_child=1 2 6 -2 5 -5 7 -1 -4 -8 -10 12 -6 -13
right_child=3 -3 8 4 11 -7 9 -9 10 -11 -12 13 -14 -15
leaf_value=-0.0052790759977969261 0.0095956110912892561 -0.013588284038835103 -0.0020381861499377658 0.0084757353365421308 0.0062314514070749265 -0.011336835892871024 -0.0043135354235287636 0.003189780545376596 0.0074988937005400665 -0.001105403780355551 0.0037330961512292136 0.0033244895325465641 0.0027390563239653907 0.0029064613272962365
leaf_weight=10.999999999999998 8.9999999999999982 8.9999999999999982 6.9999999999999991 4.9999999999999991 11.000000000000002 7.9999999999999991 31 42 18 269 17 10.999999999999998 5.9999999999999991 46
leaf_count=11 9 9 7 5 11 8 31 42 18 269 17 11 6 46
internal_value=-1.52737e-11 -0.000725969 -0.000432903 0.00305512 0.00237852 -0.00371662 -0.00100615 0.00143209 0.00438513 -0.00143691 0.00566979 0.00344928 0.00499884 0.00298713
internal_weight=500 404 395 96 87 13 353 53 42 300 35 74 17 57
internal_count=500 404 395 96 87 13 353 53 42 300 35 74 17 57
is_linear=0
shrinkage=0.05


Tree=47
num_leaves=14
num_cat=0
split_feature=0 5 5 3 2 0 1 1 1 3 5 2 3
split_gain=0.414671 0.207166 0.179606 0.227488 0.420861 0.312668 0.161846 0.264326 0.153779 0.164397 0.139835 0.164491 0.124871
threshold=0.079004201625249459 1.0101377701368313 0.9701556907449459 0.64309623832256835 0.94355427536571179 0.087877069178137548 25775101.989758659 19924096.244567301 15538990.121588932 0.64309623832256835 1.0294466677590919 1.462352033670548 0.55763880984577818
decision_type=2 2 2 2 2 2 2 2 2 2 2 2 2
left_child=6 2 3 4 -2 -5 7 8 9 -1 -3 -12 -9
right_child=1 10 -4 5 -6 -7 -8 12 -10 -11 11 -13 -14
leaf_value=0.0017845355972801289 -0.0030132644217122687 0.010755622324844201 -0.0080682467255327444 -0.0079929779387182664 0.0042617937661707404 -0.0011662884812226625 0.010471881181001664 0.00050308264791965496 0.009058310422632429 0.011081617325544357 -0.0053123081102967274 0.0075131055340170857 -0.010195738449692725
leaf_weight=97 33 5.9999999999999991 8.9999999999999982 18 50 246 5.9999999999999991 4.9999999999999982 8.9999999999999982 4.9999999999999991 4.9999999999999982 5 6
leaf_count=97 33 6 9 18 50 246 6 5 9 5 5 5 6
internal_value=-6.70552e-12 -0.000844637 -0.00109478 -0.000913915 0.0013693 -0.00163174 0.00245473 0.00206044 0.00279309 0.00224027 0.00472111 0.0011004 -0.00533264
internal_weight=500 372 356 347 83 264 128 122 111 102 16 10 11
internal_count=500 372 356 347 83 264 128 122 111 102 16 10 11
is_linear=0
shrinkage=0.05


Tree=48
num_leaves=22
num_cat=0
split_feature=0 1 3 1 3 3 0 1 0 1 2 2 1 1 2 3 1 0 2 0 0
split_gain=0.380085 0.350903 0.515375 0.398598 0.672875 1.13456 0.339303 0.24112 0.319935 0.309117 0.43149 0.567637 0.246596 0.354498 0.212693 0.282463 0.0910181 0.0238047 0.0134506 0.00355418 0.00257737
threshold=0.14043796210351381 34684127.458530657 0.91931912444600805 38031438.260617696 0.71426166709560868 0.68908565456125126 0.13283631430448525 25775101.989758659 0.21310699299265343 40763298.065043636 0.53271081181537672 0.67516318531206887 48980423.254875787 53427532.537140965 0.46912601503461637 0.76287168822528961 29657652.81531053 0.10974110853449905 0.87944827122341063 0.17378863674831005 0.20515348782176893
decision_type=2 2 2 2 2 2 2 2 2 2 2 2 2 2 2 2 2 2 2 2 2
left_child=1 2 14 17 5 -5 -6 8 18 10 16 -12 20 -14 -1 -16 -9 -3 19 -2 -11
right_child=7 3 -4 4 6 -7 -8 9 -10 12 11 -13 13 -15 15 -17 -18 -19 -20 -21 -22
leaf_value=-0.0085668424516916284 -0.0089206473280985989 -0.0086032167077064528 0.015406363031693869 0.00053816772997379299 -0.0052782816650426903 0.025066937009493515 0.0073635707298914596 -0.00012853369116783142 0.0035381934472492765 -0.0087085594507780948 0.019245793173710505 0.0022988947108387946 0.0057528761614646234 -0.0029733664531638657 0.0014933013536478339 0.010537236101097532 -0.008728082012385131 -0.013482223600149152 -0.010660626490910848 -0.0074302230030298235 -0.0073394532501697548
leaf_weight=4.9999999999999991 6.0000000000000098 4.9999999999999982 6.9999999999999991 22.000000000000004 46 5.9999999999999991 5.9999999999999991 4.9999999999999991 6.9999999999999991 10.999999999999998 5.9999999999999991 28 13.999999999999998 69 212 8.9999999999999982 7.9999999999999991 5 5.9999999999999991 11.999999999999998 4.9999999999999991
leaf_count=5 6 5 7 22 46 6 6 5 7 11 6 28 14 69 212 9 8 5 6 12 5
internal_value=3.13012e-12 0.0010205 0.00204474 -0.00163117 -0.000454728 0.00579433 -0.00381961 -0.00186226 -0.00586719 -0.0010119 0.00232716 0.00528952 -0.00259711 -0.00150147 0.00163089 0.00186161 -0.00542056 -0.0110427 -0.00861043 -0.00792703 -0.00828071
internal_weight=500 323 233 90 80 28 52 177 31 146 47 34 99 83 226 221 13 10 24 18 16
internal_count=500 323 233 90 80 28 52 177 31 146 47 34 99 83 226 221 13 10 24 18 16
is_linear=0
shrinkage=0.05


Tree=49
num_leaves=14
num_cat=0
split_feature=0 5 5 3 2 0 1 1 1 3 5 2 3
split_gain=0.349793 0.179871 0.167316 0.199418 0.364579 0.280043 0.148346 0.238167 0.135493 0.148369 0.126201 0.148453 0.112696
threshold=0.079004201625249459 1.0101377701368313 0.9701556907449459 0.64309623832256835 0.8897073149864767 0.087877069178137548 25775101.989758659 19924096.244567301 15538990.121588932 0.64309623832256835 1.0294466677590919 1.462352033670548 0.55763880984577818
decision_type=2 2 2 2 2 2 2 2 2 2 2 2 2
left_child=6 2 3 4 -2 -5 7 8 9 -1 -3 -12 -9
right_child=1 10 -4 5 -6 -7 -8 12 -10 -11 11 -13 -14
leaf_value=0.0016206437357000468 -0.0033409474816705497 0.010143176186829805 -0.0077394992527034558 -0.0075265696893135718 0.0036678668162362146 -0.0010658505554424554 0.0099300514557398856 0.00040326364338397983 0.0084534351196553972 0.010452871322631837 -0.0051213574036955848 0.0070627850294113148 -0.0097606168438990892
leaf_weight=97 28 5.9999999999999991 8.9999999999999982 18 55 246 5.9999999999999991 4.9999999999999982 8.9999999999999982 4.9999999999999991 4.9999999999999982 5 6
leaf_count=97 28 6 9 18 55 246 6 5 9 5 5 5 6
internal_value=-5.44824e-12 -0.000775754 -0.00100884 -0.000834269 0.00130345 -0.00150635 0.00225454 0.00187705 0.0025725 0.0020536 0.00441039 0.000970714 -0.00514067
internal_weight=500 372 356 347 83 264 128 122 111 102 16 10 11
internal_count=500 372 356 347 83 264 128 122 111 102 16 10 11
is_linear=0
shrinkage=0.05


Tree=50
num_leaves=14
num_cat=0
split_feature=2 2 5 1 3 2 4 3 2 4 4 3 0
split_gain=0.323673 0.554545 0.327534 0.157262 0.165455 0.156066 0.209554 0.438067 0.114608 0.0434088 0.0197828 0.0161399 0.000746304
threshold=1.6642808382205214 1.6106757985058866 0.94476085402481125 7535602.7030940494 0.64309623832256835 1.7526082649039483 0.98387270160717677 0.40484543883215135 1.057873705796768 0.99293696010385302 1.90532718231892 0.5724182399106702 0.033203248916742319
decision_type=2 2 2 2 2 2 2 2 2 2 2 2 2
left_child=1 2 3 -1 -5 -2 7 -7 -4 -10 11 -8 -12
right_child=5 -3 8 4 -6 6 10 -9 9 -11 12 -13 -14
leaf_value=-0.0082567986633096425 0.00887767852594455 -0.012892405109273065 -0.002006759600979941 0.0012906301950598941 -0.0012915283659437919 0.0077165350317955021 0.0056246156550266505 -0.011149549018591644 0.0072923344595787615 0.0036480679007416424 0.0029133410616354509 0.0024007812763253852 0.0024548930035013222
leaf_weight=6.9999999999999991 8.9999999999999982 8.9999999999999982 6.9999999999999991 81 265 4.9999999999999991 11.000000000000002 7.9999999999999991 12.999999999999998 22 10.999999999999998 5.9999999999999991 46
leaf_count=7 9 9 7 81 265 5 11 8 13 22 11 6 46
internal_value=-7.54371e-12 -0.00062013 -0.000340509 -0.000837143 -0.000687035 0.00260972 0.00196131 -0.00389336 0.00383358 0.00500165 0.00298983 0.00448679 0.00254337
internal_weight=500 404 395 353 346 96 87 13 42 35 74 17 57
internal_count=500 404 395 353 346 96 87 13 42 35 74 17 57
is_linear=0
shrinkage=0.05


Tree=51
num_leaves=22
num_cat=0
split_feature=0 1 3 1 3 3 0 1 0 1 2 2 1 1 2 3 1 0 2 0 0
split_gain=0.305458 0.270253 0.481748 0.36723 0.60187 1.02342 0.303613 0.217164 0.286151 0.279239 0.387817 0.53503 0.221167 0.31722 0.179787 0.273599 0.0822211 0.0214837 0.0121391 0.00320765 0.00232508
threshold=0.14043796210351381 34684127.458530657 0.91931912444600805 38031438.260617696 0.71426166709560868 0.68908565456125126 0.13283631430448525 25775101.989758659 0.21310699299265343 40763298.065043636 0.53271081181537672 0.85190247233112748 48980423.254875787 53427532.537140965 0.46912601503461637 0.76287168822528961 29657652.81531053 0.10974110853449905 0.87944827122341063 0.17378863674831005 0.20515348782176893
decision_type=2 2 2 2 2 2 2 2 2 2 2 2 2 2 2 2 2 2 2 2 2
left_child=1 2 14 17 5 -5 -6 8 18 10 16 -12 20 -14 -1 -16 -9 -3 19 -2 -11
right_child=7 3 -4 4 6 -7 -8 9 -10 12 11 -13 13 -15 15 -17 -18 -19 -20 -21 -22
leaf_value=-0.0079621654003858566 -0.0083593050017952766 -0.008128345683217051 0.014732066754783904 0.00063503963703458958 -0.0048452480088757438 0.023931459585825602 0.0071132611483335495 -4.2379647493362431e-06 0.0034247030637093953 -0.0081580539318648251 0.013091412071998305 0.00018465731825147356 0.0055308452408228612 -0.0027238458206040273 0.0012632276698121064 0.0101641360256407 -0.0081776470877230178 -0.01276340216398239 -0.010012285100917022 -0.0069434017253418761 -0.0068576821684837343
leaf_weight=4.9999999999999991 6.0000000000000098 4.9999999999999982 6.9999999999999991 22.000000000000004 46 5.9999999999999991 5.9999999999999991 4.9999999999999991 6.9999999999999991 10.999999999999998 12.999999999999998 21 13.999999999999998 69 212 8.9999999999999982 7.9999999999999991 5 5.9999999999999991 11.999999999999998 4.9999999999999991
leaf_count=5 6 5 7 22 46 6 6 5 7 11 13 21 14 69 212 9 8 5 6 12 5
internal_value=2.32831e-12 0.000914843 0.00181371 -0.00141223 -0.000283028 0.00562713 -0.00346542 -0.00166946 -0.00547024 -0.000862443 0.00231114 0.00511959 -0.0023691 -0.00133149 0.00141359 0.00162571 -0.00503403 -0.0104459 -0.0080646 -0.00741537 -0.00775169
internal_weight=500 323 233 90 80 28 52 177 31 146 47 34 99 83 226 221 13 10 24 18 16
internal_count=500 323 233 90 80 28 52 177 31 146 47 34 99 83 226 221 13 10 24 18 16
is_linear=0
shrinkage=0.05


Tree=52
num_leaves=14
num_cat=0
split_feature=0 5 5 3 2 0 1 1 1 3 5 2 3
split_gain=0.2787 0.143452 0.148823 0.155997 0.315399 0.25078 0.135058 0.215089 0.120617 0.138678 0.111027 0.138127 0.100612
threshold=0.079004201625249459 1.0101377701368313 0.9701556907449459 0.64309623832256835 0.8897073149864767 0.087877069178137548 25775101.989758659 19924096.244567301 15538990.121588932 0.64309623832256835 1.0294466677590919 1.462352033670548 0.55763880984577818
decision_type=2 2 2 2 2 2 2 2 2 2 2 2 2
left_child=6 2 3 4 -2 -5 7 8 9 -1 -3 -12 -9
right_child=1 10 -4 5 -6 -7 -8 12 -10 -11 11 -13 -14
leaf_value=0.0014049768755116413 -0.0031650467908808165 0.0093161006147662803 -0.0072484066502915487 -0.007027391551269426 0.0033539251695302399 -0.00091353830525545566 0.0093360970107217636 0.00022146709263324741 0.0078618468923701192 0.0099439042061567322 -0.0051636342890560641 0.0065891212970018379 -0.0093820516020059579
leaf_weight=97 28 5.9999999999999991 8.9999999999999982 18 55 246 5.9999999999999991 4.9999999999999982 8.9999999999999982 4.9999999999999991 4.9999999999999982 5 6
leaf_count=97 28 6 9 18 55 246 6 5 9 5 5 5 6
internal_value=-2.01166e-11 -0.000692448 -0.000900603 -0.000735962 0.00115475 -0.00133039 0.00201243 0.00165225 0.00231314 0.00182355 0.003939 0.000712744 -0.00501682
internal_weight=500 372 356 347 83 264 128 122 111 102 16 10 11
internal_count=500 372 356 347 83 264 128 122 111 102 16 10 11
is_linear=0
shrinkage=0.05


Tree=53
num_leaves=23
num_cat=0
split_feature=0 2 2 0 0 3 3 1 0 1 0 1 2 2 1 1 3 3 0 1 3 0
split_gain=0.259202 0.230903 0.655764 0.584209 0.527132 0.497036 0.672965 0.26813 0.241723 0.195033 0.256684 0.252804 0.348799 0.487203 0.197828 0.284151 0.149029 0.136973 0.0769293 0.0117333 0.00390864 0.00210534
threshold=0.14043796210351381 0.74576630281347189 0.8845661137394919 0.1316852352296759 0.121532113862122 0.71426166709560868 0.69696795425881686 28980659.7789074 0.081864446318665851 25775101.989758659 0.21310699299265343 40763298.065043636 0.53271081181537672 0.85190247233112748 48980423.254875787 53427532.537140965 0.62409763194585255 0.68908565456125126 0.18037199767232862 24572249.021640584 0.77228921003904294 0.20515348782176893
decision_type=2 2 2 2 2 2 2 2 2 2 2 2 2 2 2 2 2 2 2 2 2 2
left_child=1 3 4 16 8 6 -4 -7 -3 10 19 12 18 -14 21 -16 -1 -18 -11 20 -2 -13
right_child=9 2 5 -5 -6 7 -8 -9 -10 11 -12 14 13 -15 15 -17 17 -19 -20 -21 -22 -23
leaf_value=0.0040373484293619788 -0.0082298102229833425 0.014306782186031331 0.001104919005691716 0.010945931449532509 0.024405079036951067 0.0022297931568963174 0.018092237164576849 -0.0093974043122109253 0.00059522075785530936 0.00014590933918952944 0.0032847452908754352 -0.0076840062033046372 0.012517157139686439 0.00020078005535261974 0.0052694978724632949 -0.0025430960985629459 -0.008525514815534865 -0.0027791836578398947 -0.0077601058874279261 -0.0097520211338996896 -0.0066012243873306694 -0.0064466060698032375
leaf_weight=5.9999999999999991 5.0000000000000098 5.0000000000000027 206 7.9999999999999991 4.9999999999999991 7.0000000000000027 5.9999999999999991 17 8.9999999999999982 4.9999999999999991 6.9999999999999991 10.999999999999998 12.999999999999998 21 13.999999999999998 69 13.999999999999998 40 7.9999999999999991 4.9999999999999991 13.999999999999998 4.9999999999999991
leaf_count=6 5 5 206 8 5 7 6 17 9 5 7 11 13 21 14 69 14 40 8 5 14 5
internal_value=-3.68804e-11 0.000842733 0.00153308 -0.00174607 0.0104693 0.000813642 0.00158569 -0.00600614 0.00549221 -0.00153787 -0.00513978 -0.00077308 0.00224656 0.00490998 -0.00220664 -0.00122531 -0.00343834 -0.00426897 -0.00471933 -0.00759693 -0.0070298 -0.00729732
internal_weight=500 323 255 68 19 236 212 24 14 177 31 146 47 34 99 83 60 54 13 24 19 16
internal_count=500 323 255 68 19 236 212 24 14 177 31 146 47 34 99 83 60 54 13 24 19 16
is_linear=0
shrinkage=0.05


Tree=54
num_leaves=13
num_cat=0
split_feature=2 2 5 4 4 2 2 0 4 4 2 0
split_gain=0.244745 0.510983 0.25248 0.164011 0.528764 0.16029 0.141938 0.196529 0.107002 0.185247 0.0982664 0.0394989
threshold=1.6642808382205214 1.6106757985058866 0.94476085402481125 1.0495178603059683 1.90532718231892 1.2704555729483202 1.7526082649039483 0.092743048243941348 0.95325721258452267 1.0236894215506827 1.057873705796768 0.095767180104694608
decision_type=2 2 2 2 2 2 2 2 2 2 2 2
left_child=1 2 3 5 -5 -1 -2 8 -8 -10 -4 -12
right_child=6 -3 10 4 -6 -7 7 -9 9 -11 11 -13
leaf_value=-0.00078167557341497654 0.0082468632505171835 -0.012319643629921807 -0.0020140043326786587 -0.015554476689015119 0.0046732937917113295 0.0036313662644137041 0.0082590858318975988 -0.0063828079029917724 -0.0059463865522827418 0.002607944155478794 0.003338384492478023 0.0069566015916114506
leaf_weight=318 8.9999999999999982 8.9999999999999982 6.9999999999999991 6.9999999999999982 6 22 6.9999999999999991 6.9999999999999991 6.9999999999999991 66 24 10.999999999999998
leaf_count=318 9 9 7 7 6 22 7 7 7 66 24 11
internal_value=-6.23986e-12 -0.000539246 -0.000270832 -0.000706868 -0.00621858 -0.000496126 0.00226933 0.00165096 0.00235392 0.00178767 0.00339395 0.00447554
internal_weight=500 404 395 353 13 340 96 87 80 73 42 35
internal_count=500 404 395 353 13 340 96 87 80 73 42 35
is_linear=0
shrinkage=0.05


Tree=55
num_leaves=24
num_cat=0
split_feature=0 2 2 0 0 3 3 1 0 1 0 1 2 2 2 2 1 2 2 1 2 1 0
split_gain=0.221581 0.198264 0.608042 0.527249 0.472947 0.436754 0.609768 0.241988 0.223131 0.176017 0.231657 0.228156 0.314791 0.457877 0.182523 0.525406 0.147679 0.139783 0.234353 0.0734795 0.0107634 0.00705206 0.00283678
threshold=0.14043796210351381 0.74576630281347189 0.8845661137394919 0.1316852352296759 0.121532113862122 0.71426166709560868 0.69696795425881686 28980659.7789074 0.081864446318665851 25775101.989758659 0.21310699299265343 40763298.065043636 0.53271081181537672 0.67516318531206887 0.54117024165242256 0.46770740822272289 64931427.845404379 0.66461510018434133 0.6319644559465265 29657652.81531053 0.87944827122341063 64505629.807619773 0.17378863674831005
decision_type=2 2 2 2 2 2 2 2 2 2 2 2 2 2 2 2 2 2 2 2 2 2 2
left_child=1 3 4 17 8 6 -4 -7 -3 10 20 12 19 -14 15 -13 -16 18 -1 -11 22 -19 -2
right_child=9 2 5 -5 -6 7 -8 -9 -10 11 -12 14 13 -15 16 -17 -18 21 -20 -21 -22 -23 -24
leaf_value=-0.0035291861136292307 -0.0074543555577595904 0.013778254836797704 0.00099218589371269177 0.010437719617038967 0.02322390928864479 0.0021573867116655614 0.017162223656972252 -0.0088884503306711424 0.00060454366935624017 0.00031061962246894839 0.0031595918749059947 -0.0025929041739021028 0.01723811229070028 0.0020175939026687829 -0.001724358388911123 0.013224600681236813 -0.0064986521452665329 -0.0099515518546104461 0.0063360352069139481 -0.0074160927906632423 -0.0090120015665888786 -0.0072959810495376578 -0.0061228189927836265
leaf_weight=43 6.0000000000000098 5.0000000000000027 206 7.9999999999999991 4.9999999999999991 7.0000000000000027 5.9999999999999991 17 8.9999999999999982 4.9999999999999991 6.9999999999999991 21.000000000000004 5.9999999999999991 28 46 6.9999999999999991 25 4.9999999999999982 6.9999999999999991 7.9999999999999991 5.9999999999999991 5 11.999999999999998
leaf_count=43 6 5 206 8 5 7 6 17 9 5 7 21 6 28 46 7 25 5 7 8 6 5 12
internal_value=-8.19564e-12 0.000779179 0.00141888 -0.00161969 0.0100238 0.000726109 0.00144983 -0.00566675 0.00530944 -0.00142189 -0.0048437 -0.000695342 0.00217331 0.00470357 -0.00205723 0.00136147 -0.00340545 -0.00322734 -0.00214806 -0.00444428 -0.007178 -0.00862377 -0.00656666
internal_weight=500 323 255 68 19 236 212 24 14 177 31 146 47 34 99 28 71 60 50 13 24 10 18
internal_count=500 323 255 68 19 236 212 24 14 177 31 146 47 34 99 28 71 60 50 13 24 10 18
is_linear=0
shrinkage=0.05


Tree=56
num_leaves=14
num_cat=0
split_feature=2 2 5 1 4 2 4 3 2 0 4 3 0
split_gain=0.210834 0.466236 0.21725 0.15861 0.154233 0.128099 0.19102 0.382847 0.0880221 0.0341395 0.0209209 0.0143483 0.000696226
threshold=1.6642808382205214 1.6106757985058866 0.94476085402481125 7535602.7030940494 1.0495178603059683 1.7526082649039483 0.98387270160717677 0.40484543883215135 1.057873705796768 0.095767180104694608 1.90532718231892 0.5724182399106702 0.033203248916742319
decision_type=2 2 2 2 2 2 2 2 2 2 2 2 2
left_child=1 2 3 -1 -5 -2 7 -7 -4 -10 11 -8 -12
right_child=5 -3 8 4 -6 6 10 -9 9 -11 12 -13 -14
leaf_value=-0.0080999557993241735 0.0077849107484022784 -0.011753270692295498 -0.0019629133599145072 -0.00032530992626259524 -0.006957546642257108 0.0067825642228126525 0.0051130260256203727 -0.010854427050799132 0.0031218560218500596 0.0064856620336120781 0.0023990112949501385 0.0020733859390020372 0.0019562116560890622
leaf_weight=6.9999999999999991 8.9999999999999982 8.9999999999999982 6.9999999999999991 337 8.9999999999999982 4.9999999999999991 11.000000000000002 7.9999999999999991 24 10.999999999999998 10.999999999999998 5.9999999999999991 46
leaf_count=7 9 9 7 337 9 5 11 8 24 11 11 6 46
internal_value=1.08033e-11 -0.000500495 -0.000244103 -0.000648575 -0.000497825 0.00210625 0.0015188 -0.00407097 0.00315539 0.00417905 0.00250079 0.00404021 0.00204166
internal_weight=500 404 395 353 346 96 87 13 42 35 74 17 57
internal_count=500 404 395 353 346 96 87 13 42 35 74 17 57
is_linear=0
shrinkage=0.05


Tree=57
num_leaves=18
num_cat=0
split_feature=0 1 1 1 3 1 2 2 3 1 2 2 0 1 1 2 3
split_gain=0.195862 0.115654 0.172667 0.112712 0.118797 0.0991541 0.53738 0.723955 0.528265 0.421353 0.314384 0.271365 0.162475 0.128343 0.227092 0.179781 0.0881326
threshold=0.079004201625249459 25775101.989758659 19924096.244567301 15538990.121588932 0.64309623832256835 54202888.031144448 0.54413129008106098 0.50721516932365696 0.72506778719467768 53131714.977987416 0.62295506405988166 0.83590214154044029 0.20515348782176893 63236572.214079112 64505629.807619773 1.1355531279885953 0.55763880984577818
decision_type=2 2 2 2 2 2 2 2 2 2 2 2 2 2 2 2 2
left_child=1 2 3 4 -1 9 7 8 -7 10 12 -12 -2 15 -15 -8 -4
right_child=5 -3 16 -5 -6 6 13 -9 -10 -11 11 -13 -14 14 -16 -17 -18
leaf_value=0.0010851992841464343 -0.0042323996923093144 0.0084642405621707436 0.00028109863400459294 0.0073096822326382 0.0089883704483509057 0.011445907503366465 -0.0085358947839425953 0.021113011166453362 -0.0036528193613603005 0.013071350753307343 0.0048470770206415293 -0.00017019011473067764 0.0029880630059374706 0.0066671064744393037 -0.0036165525771531407 0.0019250867143273355 -0.0087071279684702556
leaf_weight=97 58 5.9999999999999991 4.9999999999999982 8.9999999999999982 4.9999999999999991 8.0000000000000018 23.000000000000004 4.9999999999999991 21 5.9999999999999991 33 147 8.9999999999999982 5.9999999999999991 51 4.9999999999999991 6
leaf_count=97 58 6 5 9 5 8 23 5 21 6 33 147 9 6 51 5 6
internal_value=-7.82311e-12 0.00168704 0.00135374 0.00194589 0.00147261 -0.000580488 -0.00177074 0.00354186 0.000512347 -2.06439e-05 -0.000338668 0.000749642 -0.00326249 -0.00389578 -0.00253406 -0.00666786 -0.00462157
internal_weight=500 128 122 111 102 372 119 34 29 253 247 180 67 85 57 28 11
internal_count=500 128 122 111 102 372 119 34 29 253 247 180 67 85 57 28 11
is_linear=0
shrinkage=0.05


Tree=58
num_leaves=22
num_cat=0
split_feature=0 1 3 1 3 2 2 1 0 1 2 2 1 1 2 3 0 0 1 3 2
split_gain=0.186616 0.166439 0.430089 0.358817 0.485022 0.830533 0.215103 0.159174 0.205621 0.200096 0.269426 0.407709 0.180299 0.238638 0.136179 0.259009 0.0709268 0.0285389 0.0118478 0.00318201 0.00268083
threshold=0.14043796210351381 34684127.458530657 0.91931912444600805 38031438.260617696 0.71426166709560868 0.77419641750829771 0.8845661137394919 25775101.989758659 0.21310699299265343 40763298.065043636 0.53271081181537672 0.67516318531206887 48980423.254875787 53427532.537140965 0.46912601503461637 0.76287168822528961 0.18037199767232862 0.10974110853449905 24572249.021640584 0.77228921003904294 0.64613301283109081
decision_type=2 2 2 2 2 2 2 2 2 2 2 2 2 2 2 2 2 2 2 2 2
left_child=1 2 14 17 5 -5 -6 8 18 10 16 -12 20 -14 -1 -16 -9 -3 19 -2 -11
right_child=7 3 -4 4 6 -7 -8 9 -10 12 11 -13 13 -15 15 -17 -18 -19 -20 -21 -22
leaf_value=-0.0071174459159374232 -0.0072709311544895024 -0.007369628027081492 0.013626557056392943 -0.00061614074205097388 -0.00080422165526731592 0.017822516295644974 -0.0079024183750152598 0.00062185361981391917 0.0029812690402780261 -0.0059137316420674324 0.016241272538900377 0.0018787733811352935 0.004999459268791335 -0.0021601684580462568 0.00087433473958264832 0.00953465791212188 -0.0069694583769887688 -0.012711813151836393 -0.008923666328191757 -0.0058015031473977229 -0.0072506004199385651
leaf_weight=4.9999999999999991 5.0000000000000098 4.9999999999999982 6.9999999999999991 19.000000000000004 37 8.9999999999999982 14.999999999999998 4.9999999999999991 6.9999999999999991 5.9999999999999991 5.9999999999999991 28 13.999999999999998 69 212 8.9999999999999982 7.9999999999999991 5 4.9999999999999991 13.999999999999998 9.9999999999999982
leaf_count=5 5 5 7 19 37 9 15 5 7 6 6 28 14 69 212 9 8 5 5 14 10
internal_value=1.02445e-12 0.000715065 0.00142047 -0.00111115 5.0437e-06 0.00531057 -0.00285178 -0.00130489 -0.00455888 -0.000613977 0.00207249 0.00441333 -0.00188937 -0.00095252 0.00104241 0.00122702 -0.00404972 -0.0100407 -0.00675808 -0.00618819 -0.00674927
internal_weight=500 323 233 90 80 28 52 177 31 146 47 34 99 83 226 221 13 10 24 19 16
internal_count=500 323 233 90 80 28 52 177 31 146 47 34 99 83 226 221 13 10 24 19 16
is_linear=0
shrinkage=0.05


Tree=59
num_leaves=14
num_cat=0
split_feature=2 2 5 1 4 2 4 3 1 1 4 0 3
split_gain=0.174813 0.429517 0.179874 0.148347 0.141895 0.117367 0.173499 0.347625 0.0810564 0.1849 0.0190183 0.0134422 0.000618123
threshold=1.6642808382205214 1.6106757985058866 0.94476085402481125 7535602.7030940494 1.0495178603059683 1.7526082649039483 0.98387270160717677 0.40484543883215135 25775101.989758659 20762331.459903348 1.90532718231892 0.06985569501717713 0.54810283992486408
decision_type=2 2 2 2 2 2 2 2 2 2 2 2 2
left_child=1 2 3 -1 -5 -2 7 -7 9 -4 11 -8 -12
right_child=5 -3 8 4 -6 6 10 -9 -10 -11 12 -13 -14
leaf_value=-0.0077839674694197523 0.0073534836733920713 -0.011256318042675656 0.0039326076042549363 -0.00026642523694905048 -0.0066278540839751557 0.0063705670833587649 0.0027208344841545273 -0.010435538738965989 0.0088588553294539456 -0.0046534811612218624 0.0019153252560645342 0.0056629348856707422 0.001413663772733084
leaf_weight=6.9999999999999991 8.9999999999999982 8.9999999999999982 29 337 8.9999999999999982 4.9999999999999991 11.000000000000002 7.9999999999999991 4.9999999999999991 7.9999999999999991 50 5.9999999999999991 6.9999999999999991
leaf_count=7 9 9 29 337 9 5 11 8 5 8 50 6 7
internal_value=-3.95812e-12 -0.000455739 -0.00020965 -0.000577688 -0.000431896 0.0019179 0.0013556 -0.00397165 0.00288362 0.00207616 0.00229147 0.00375922 0.00185372
internal_weight=500 404 395 353 346 96 87 13 42 37 74 17 57
internal_count=500 404 395 353 346 96 87 13 42 37 74 17 57
is_linear=0
shrinkage=0.05


Tree=60
num_leaves=18
num_cat=0
split_feature=0 3 1 2 3 2 0 2 2 1 0 3 0 3 3 2 2
split_gain=0.165991 0.235269 0.7486 0.261318 0.368579 0.259654 0.221691 0.194551 0.180177 0.176708 0.128621 0.38535 0.269561 0.0889116 0.015533 0.00818716 0.00153549
threshold=0.10406258932869002 0.71426166709560868 68913464.566857174 0.9078459619800382 0.89646766993180826 0.94355427536571179 0.093626391613259932 0.65488400415845616 1.6106757985058866 72886611.689239442 0.17064622458079406 0.91931912444600805 0.18537178563377474 0.67502194440560037 0.73374170893331259 1.0120822564198713 0.80713155513830392
decision_type=2 2 2 2 2 2 2 2 2 2 2 2 2 2 2 2 2
left_child=1 2 5 4 7 13 -7 -3 9 10 11 -2 -12 -1 -11 -5 -16
right_child=8 3 -4 15 -6 6 -8 -9 -10 14 12 -13 -14 -15 16 -17 -18
leaf_value=-0.0061852238823970149 3.2805489940107421e-05 -0.0065276050443450586 0.019066501036286355 -0.0078211192662517252 0.0099989539278405055 0.0012023088140920618 0.0075663609306017557 0.0027711680365933317 -0.0082595776999369267 -0.0062222899662123764 -0.0056667939759790899 0.0098520594564351169 4.269791460489925e-05 0.0015137628465890886 -0.0032558636367321005 -0.010560626089572905 -0.0042214017095310351
leaf_weight=15.000000000000002 109 15.000000000000005 5.9999999999999991 5.9999999999999982 6.9999999999999991 156 14.999999999999998 8.9999999999999982 7.9999999999999991 9.0000000000000018 28 10.999999999999998 79 4.9999999999999991 10.000000000000002 5 6.9999999999999991
leaf_count=15 109 15 6 6 7 156 15 9 8 9 28 11 79 5 10 5 7
internal_value=-7.98609e-12 0.000952026 0.00167637 -0.00244549 -9.61576e-05 0.00113008 0.00176056 -0.00304057 -0.000871779 -0.000638173 -0.000190963 0.000932904 -0.00145137 -0.00426048 -0.00454266 -0.00906635 -0.00365344
internal_weight=500 239 197 42 31 191 171 24 261 253 227 120 107 20 26 11 17
internal_count=500 239 197 42 31 191 171 24 261 253 227 120 107 20 26 11 17
is_linear=0
shrinkage=0.05


Tree=61
num_leaves=19
num_cat=0
split_feature=0 0 0 3 1 2 2 0 0 0 3 0 3 1 3 3 3 2
split_gain=0.152044 0.155526 0.237243 0.1512 0.150882 0.147891 0.535762 0.454089 0.416898 0.347878 0.307504 0.19447 0.138825 0.133678 0.125875 0.125645 0.0260825 0.00125658
threshold=0.14043796210351381 0.14945153392588775 0.15180207680632665 0.92666006636939968 64505629.807619773 0.74576630281347189 0.8845661137394919 0.1316852352296759 0.121532113862122 0.13036904456432255 0.71426166709560868 0.081864446318665851 0.62409763194585255 66727655.377864622 0.87120684950753768 0.68908565456125126 0.72506778719467768 0.59971613672775448
decision_type=2 2 2 2 2 2 2 2 2 2 2 2 2 2 2 2 2 2
left_child=5 14 -3 4 -4 7 8 12 11 10 -8 -7 -1 -5 16 -14 -2 -18
right_child=1 2 3 13 -6 6 9 -9 -10 -11 -12 -13 15 -15 -16 -17 17 -19
leaf_value=0.0042968743170301122 -0.0099876242379347367 0.0091152818873524669 0.00043400797992944719 -0.0077792987227439866 -0.0039602319166685144 0.012755232006311408 0.0014219382927089077 0.0097632559947669513 0.021668520569801331 -0.01250050462782383 -0.0047927113842557781 0.00045669285787476436 -0.0077967645068253797 0.00068316800253731872 0.0017073341086506844 -0.0022931875195354224 -0.0052572041004896181 -0.0063781790435314166
leaf_weight=5.9999999999999991 6.0000000000000062 5.9999999999999991 105 14.000000000000002 24 5.0000000000000027 209 7.9999999999999991 4.9999999999999991 4.9999999999999991 22 8.9999999999999982 13.999999999999998 6.9999999999999991 4.9999999999999991 40 4.9999999999999982 5
leaf_count=6 6 6 105 14 24 5 209 8 5 5 22 9 14 7 5 40 5 5
internal_value=-3.06405e-11 -0.00117784 -0.000634045 -0.00102402 -0.000383525 0.00064544 0.00119793 -0.0014264 0.00927521 0.00054764 0.000830067 0.00484903 -0.00291835 -0.00495848 -0.00521743 -0.00372004 -0.00738142 -0.00581769
internal_weight=500 177 156 150 129 323 255 68 19 236 231 14 60 21 21 54 16 10
internal_count=500 177 156 150 129 323 255 68 19 236 231 14 60 21 21 54 16 10
is_linear=0
shrinkage=0.05


Tree=62
num_leaves=15
num_cat=0
split_feature=3 3 2 3 1 2 2 2 2 0 3 1 1 0
split_gain=0.142244 0.514972 0.575923 0.200211 0.319479 0.352337 0.196894 0.96206 0.161942 0.145802 0.116558 0.148759 0.321495 0.138593
threshold=0.92666006636939968 0.91231536265097446 0.9140743167845925 0.84704804513470588 63236572.214079112 0.59019138135732629 0.74576630281347189 0.80713155513830392 0.54117024165242256 0.20448175866875426 0.9390680710365481 25775101.989758659 47443216.654752061 0.18238736537274294
decision_type=2 2 2 2 2 2 2 2 2 2 2 2 2 2
left_child=1 3 -3 6 9 -6 8 -8 -1 -5 -2 -12 -13 -14
right_child=10 2 -4 4 5 -7 7 -9 -10 -11 11 12 13 -15
leaf_value=0.00015713022578330268 -0.00795544253455268 0.021411687818666304 -0.00049574133008718486 -0.0078079756349325171 0.013456499949097625 -0.0021616162732243541 0.014863550073156755 0.00040920761674264114 -0.0037451074215704983 0.0015451692044734955 -0.0083283426860968224 0.010380471994479492 -0.006712449565529824 0.0034828936308622365
leaf_weight=63 8.9999999999999982 5.9999999999999982 6 25.000000000000004 5.0000000000000027 12.999999999999998 11.999999999999998 283 46 4.9999999999999991 6.0000000000000027 6.0000000000000027 9.9999999999999982 4.9999999999999991
leaf_count=63 9 6 6 25 5 13 12 283 46 5 6 6 10 5
internal_value=1.41212e-11 0.000234906 0.010458 -3.65032e-05 -0.00308942 0.00217675 0.000326219 0.000997181 -0.00148969 -0.00624912 -0.00302767 -0.00138508 0.000598705 -0.003314
internal_weight=500 464 12 452 48 18 404 295 109 30 36 27 21 15
internal_count=500 464 12 452 48 18 404 295 109 30 36 27 21 15
is_linear=0
shrinkage=0.05


Tree=63
num_leaves=17
num_cat=0
split_feature=0 0 3 3 3 2 3 2 2 0 1 2 2 3 3 1
split_gain=0.135664 0.233128 0.565216 0.257418 0.398774 0.168766 0.168487 0.378647 0.244622 0.174123 0.146795 0.121205 0.292223 0.12311 0.0112707 0.00152281
threshold=0.10406258932869002 0.096962406597327036 0.84219942933568659 0.68339871213826797 0.63264271936030636 1.6106757985058866 0.89646766993180826 1.0009387436440518 1.0353268785164937 0.081864446318665851 72886611.689239442 0.46770740822272289 0.48522677480393667 0.70919554002528462 0.73374170893331259 75073779.925861374
decision_type=2 2 2 2 2 2 2 2 2 2 2 2 2 2 2 2
left_child=1 6 3 4 -3 10 7 9 -9 -1 11 13 -13 -2 -12 -16
right_child=5 2 -4 -5 -6 -7 -8 8 -10 -11 14 12 -14 -15 15 -17
leaf_value=0.0021955476452906928 0.0020187180827964438 0.012868221489978677 -0.0082976564764976508 0.01616009883582592 -0.0046980836428701872 -0.0079381559742614637 0.0074213347397744656 0.011073754106958707 0.00078186043298474571 -0.0055800239659017994 -0.0055514834821224195 0.0097501760348677642 -2.0730733575130053e-05 -0.0041129700257442892 -0.003928899552140915 -0.0029673575609922408
leaf_weight=8.9999999999999982 10.999999999999998 7.0000000000000053 5.9999999999999991 7.9999999999999991 6 7.9999999999999991 7.9999999999999991 5.9999999999999991 153 36 9.0000000000000018 7.9999999999999991 176 32 7.0000000000000027 9.9999999999999982
leaf_count=9 11 7 6 8 6 8 8 6 153 36 9 8 176 32 7 10
internal_value=1.78115e-12 0.000860673 0.00523644 0.00910333 0.0047607 -0.000788126 0.000303382 2.42463e-05 0.00117023 -0.00402491 -0.000562038 -0.000154433 0.000404091 -0.0025444 -0.00412074 -0.00336329
internal_weight=500 239 27 21 13 261 212 204 159 45 253 227 184 43 26 17
internal_count=500 239 27 21 13 261 212 204 159 45 253 227 184 43 26 17
is_linear=0
shrinkage=0.05


Tree=64
num_leaves=13
num_cat=0
split_feature=2 2 2 0 3 2 4 3 5 4 1 0
split_gain=0.131636 0.382009 0.157209 0.152982 0.114499 0.109685 0.183505 0.432135 0.0656318 0.0140859 0.0115444 0.000593269
threshold=1.6642808382205214 1.6106757985058866 1.5241996666966109 0.027811807773157646 0.92666006636939968 1.7817513026268261 0.98387270160717677 0.40484543883215135 0.92259726396627573 1.90532718231892 13408514.487327499 0.033203248916742319
decision_type=2 2 2 2 2 2 2 2 2 2 2 2
left_child=1 2 3 -1 -5 8 7 -7 -2 10 -8 -11
right_child=5 -3 -4 4 -6 6 9 -9 -10 11 -12 -13
leaf_value=-0.0090047868341207506 0.010511057972908022 -0.010581236084302267 0.006369150016042921 7.8318812951877492e-05 -0.0028849601176463898 0.005861272960901262 0.0042839190922677522 -0.014041573678453762 0.0030106719340048061 0.0018945520066402178 0.0015097002809246383 0.0014858019469893013
leaf_weight=4.9999999999999991 4.9999999999999982 8.9999999999999982 8.9999999999999982 345 36 4.9999999999999982 9.9999999999999982 6 7 10.999999999999998 5.9999999999999991 46
leaf_count=5 5 9 9 345 36 5 10 6 7 11 6 46
internal_value=-2.43454e-11 -0.000395473 -0.000163393 -0.000315706 -0.000201676 0.00166428 0.00102549 -0.00499483 0.00613583 0.00193266 0.00324359 0.00156468
internal_weight=500 404 395 386 381 96 84 11 12 73 16 57
internal_count=500 404 395 386 381 96 84 11 12 73 16 57
is_linear=0
shrinkage=0.05


Tree=65
num_leaves=22
num_cat=0
split_feature=0 1 0 1 2 2 1 1 3 3 3 2 0 2 2 0 2 2 0 2 0
split_gain=0.123359 0.155223 0.189886 0.164992 0.233274 0.370684 0.163432 0.193234 0.128279 0.563781 0.444855 0.348136 0.179194 0.269069 0.212465 0.0624362 0.0131327 0.00936774 0.00503099 0.0035981 0.00250964
threshold=0.14043796210351381 25775101.989758659 0.21310699299265343 40763298.065043636 0.53271081181537672 0.67516318531206887 48980423.254875787 53427532.537140965 0.89646766993180826 0.93236625607073409 0.83313963596476215 0.80713155513830392 0.1316852352296759 0.78078515184979103 0.63444845877769274 0.18037199767232862 0.48522677480393667 0.87944827122341063 0.10183153446435571 0.64613301283109081 0.17378863674831005
decision_type=2 2 2 2 2 2 2 2 2 2 2 2 2 2 2 2 2 2 2 2 2
left_child=8 2 17 4 15 -6 19 -8 10 -10 12 -11 14 -14 -1 -3 -12 20 -18 -5 -2
right_child=1 3 -4 6 5 -7 7 -9 9 11 16 -13 13 -15 -16 -17 18 -19 -20 -21 -22
leaf_value=-0.0032539649459067733 -0.0066522644832730168 0.0007471910864114762 0.0029716269246169501 -0.0051957847860952221 0.015517060210307441 0.00182223024645022 0.0047110973990389278 -0.0017315217712219211 0.01584399629916463 -0.0092087413583483036 -0.0048758856952190368 0.0080655724927783008 0.014222065483530364 -0.001482931077480316 0.0010812105367552828 -0.0063752683345228434 -0.0069132658519915182 -0.0080986196796099356 -0.0088089350078787119 -0.0067445691674947739 -0.0053998578650256007
leaf_weight=32 6.0000000000000098 4.9999999999999991 6.9999999999999991 5.9999999999999991 5.9999999999999991 28 13.999999999999998 69 7.0000000000000027 6.9999999999999982 5.0000000000000027 5 5.9999999999999982 5 242 7.9999999999999991 6.9999999999999982 5.9999999999999991 7 9.9999999999999982 11.999999999999998
leaf_count=32 6 5 7 6 6 28 14 69 7 7 5 5 6 5 242 8 7 6 7 10 12
internal_value=-2.25846e-11 -0.00106092 -0.00427426 -0.00037864 0.00206082 0.00423896 -0.00153677 -0.000644815 0.000581373 0.00456709 0.000332266 -0.00201111 0.000826119 0.00708343 0.000574913 -0.00363586 -0.00707552 -0.00638765 -0.0078611 -0.00616378 -0.00581733
internal_weight=500 177 31 146 47 34 99 83 323 19 304 12 285 11 274 13 19 24 14 16 18
internal_count=500 177 31 146 47 34 99 83 323 19 304 12 285 11 274 13 19 24 14 16 18
is_linear=0
shrinkage=0.05


Tree=66
num_leaves=19
num_cat=0
split_feature=0 0 0 1 0 1 3 3 2 2 3 0 2 3 1 1 1 3
split_gain=0.112741 0.226543 0.359333 0.262275 0.213142 0.179518 0.174979 0.390156 0.380878 0.800953 0.352563 0.333041 0.246374 0.117408 0.0845545 0.214841 0.0256308 0.0175899
threshold=0.17064622458079406 0.19474735625807132 0.19655256149771846 63764793.974376097 0.21626476984671419 58872019.950320639 0.96751505213011391 0.91231536265097446 0.9140743167845925 0.57444861907110256 0.79469773874306471 0.16111829459168223 0.48522677480393667 0.89646766993180826 36532550.399131425 31517008.618871022 71741223.639172241 0.67015469499907299
decision_type=2 2 2 2 2 2 2 2 2 2 2 2 2 2 2 2 2 2
left_child=6 5 -3 4 -4 14 7 10 9 -9 11 -1 -12 -7 15 -2 -5 -16
right_child=1 2 3 16 -6 13 -8 8 -10 -11 12 -13 -14 -15 17 -17 -18 -19
leaf_value=0.00052167902368938546 -0.0066007953758041044 0.012262728748222193 0.0033733413205482067 -0.008896433987787793 -0.0044405069512625543 0.0049694346496835361 -0.0080639695748686794 -0.0018820694958170245 -0.0023568656029445785 0.022284606681205334 0.0011375947022124343 0.0098007951490581037 -0.005867016159400747 -0.0047975428774952884 -0.010304616019129747 0.005735278651118279 -0.0044429666052261977 -0.0069070661207661036
leaf_weight=293 12.000000000000002 5.9999999999999991 32 6.9999999999999982 11.999999999999998 7.9999999999999982 5.9999999999999991 6.0000000000000027 6.9999999999999991 7.9999999999999991 19 9.9999999999999982 37 5 5.0000000000000027 4.9999999999999991 6 15.999999999999998
leaf_count=293 12 6 32 7 12 8 6 6 7 8 19 10 37 5 5 5 6 16
internal_value=2.79892e-11 -0.00138155 0.000623879 -0.000601263 0.00124229 -0.00385885 0.000408024 0.000541792 0.00716602 0.0119275 0.000154303 0.00082792 -0.00349045 0.0012129 -0.00559393 -0.00297254 -0.00684099 -0.00771601
internal_weight=500 114 63 57 44 51 386 380 21 14 359 303 56 13 38 17 13 21
internal_count=500 114 63 57 44 51 386 380 21 14 359 303 56 13 38 17 13 21
is_linear=0
shrinkage=0.05


Tree=67
num_leaves=14
num_cat=0
split_feature=3 3 2 3 3 2 1 1 3 0 1 2 3
split_gain=0.113921 0.444243 0.147103 0.28234 0.388703 0.174863 0.451217 0.186899 0.107994 0.144944 0.134388 0.0603467 0.0138249
threshold=0.92666006636939968 0.91931912444600805 0.42585241740730273 0.71426166709560868 0.64984156452317865 0.48522677480393667 51893976.034065269 51281830.52609653 0.95275346260874871 0.1476614970036739 66727655.377864622 0.6418543844341501 0.7405001828379717
decision_type=2 2 2 2 2 2 2 2 2 2 2 2 2
left_child=1 2 3 4 -1 6 -4 -7 11 -10 -11 -2 -5
right_child=8 -3 5 12 -6 7 -8 -9 9 10 -12 -13 -14
leaf_value=-0.0076714605093002319 -0.0025529826680819184 0.013727160325894753 -0.0010632075103265896 -0.0077792462892830334 0.010099895903840661 0.00065073168392748169 0.013286442061265311 -0.0019639573398638854 0.0072637105360627121 -0.0067725865170359632 0.003676846735179424 -0.0083431424366103273 -0.005071593253788623
leaf_weight=4.9999999999999991 9.0000000000000018 5.9999999999999991 14.000000000000002 6.0000000000000027 7.9999999999999991 306 8.9999999999999982 88 5.0000000000000027 7.9999999999999982 5 8.9999999999999982 22
leaf_count=5 9 6 14 6 8 306 9 88 5 8 5 9 22
internal_value=-2.32423e-11 0.000210222 3.31442e-05 -0.0028246 0.00326476 0.000314122 0.00455187 6.67402e-05 -0.00270953 2.90052e-05 -0.00275357 -0.00544806 -0.0056518
internal_weight=500 464 458 41 13 417 23 394 36 18 13 18 28
internal_count=500 464 458 41 13 417 23 394 36 18 13 18 28
is_linear=0
shrinkage=0.05


Tree=68
num_leaves=10
num_cat=0
split_feature=0 0 4 0 1 0 0 4 4
split_gain=0.108757 0.0965953 0.289301 0.127108 0.125785 0.0906049 0.11581 0.0449378 0.0216782
threshold=0.021874668935624762 0.027811807773157646 1.9978454097510736 0.062371090452878919 15538990.121588932 0.2215848145073202 0.20448175866875426 0.97668042096440366 2.0375760751103269
decision_type=2 2 2 2 2 2 2 2 2
left_child=8 2 -2 4 7 6 -5 -3 -1
right_child=1 3 -4 5 -6 -7 -8 -9 -10
leaf_value=0.0073481875658035298 -0.013727027177810672 -0.0027251483251651129 0.0020201115070709159 -0.00044860857631950544 0.0081166980788111697 -0.0063823936507105827 0.0025172495541887149 0.0019396564293954824 0.0028904165606945752
leaf_weight=4.9999999999999982 4.9999999999999982 5.9999999999999991 7 384 7.9999999999999991 5.9999999999999991 36 37 6
leaf_count=5 5 6 7 384 8 6 36 37 6
internal_value=-1.36788e-11 -0.0001106 -0.0045412 8.61449e-07 0.0023598 -0.000281547 -0.000194392 0.00128875 0.00491668
internal_weight=500 489 12 477 51 426 420 43 11
internal_count=500 489 12 477 51 426 420 43 11
is_linear=0
shrinkage=0.05


Tree=69
num_leaves=12
num_cat=0
split_feature=3 3 2 3 2 3 2 3 1 1 0
split_gain=0.101682 0.403552 0.498515 0.158159 0.116113 0.253528 0.194916 0.100756 0.11823 0.239073 0.123045
threshold=0.92666006636939968 0.91231536265097446 0.9140743167845925 0.9038996801421989 0.42585241740730273 0.71426166709560868 0.48522677480393667 0.9390680710365481 25775101.989758659 47443216.654752061 0.18238736537274294
decision_type=2 2 2 2 2 2 2 2 2 2 2
left_child=1 3 -3 4 5 -1 -6 -2 -9 -10 -11
right_child=7 2 -4 -5 6 -7 -8 8 9 10 -12
leaf_value=0.003112544119358063 -0.0071414354981647601 0.019439454811314746 -0.00094262516746918359 -0.0066035295733147207 0.0049163313074545431 -0.005496072389185429 7.672349199854499e-05 -0.007222597549359 0.0091711004575093531 -0.0058403402939438825 0.0037660884857177741
leaf_weight=12.999999999999998 8.9999999999999982 5.9999999999999982 6 8.9999999999999982 22 25 383 6.0000000000000027 6.0000000000000027 9.9999999999999982 4.9999999999999991
leaf_count=13 9 6 6 9 22 25 383 6 6 10 5
internal_value=-1.64146e-12 0.00019861 0.00924841 -4.16507e-05 9.16606e-05 -0.00255102 0.000339616 -0.00255986 -0.00103266 0.000735888 -0.0026382
internal_weight=500 464 12 452 443 38 405 36 27 21 15
internal_count=500 464 12 452 443 38 405 36 27 21 15
is_linear=0
shrinkage=0.05


Tree=70
num_leaves=13
num_cat=0
split_feature=3 3 0 2 2 0 0 2 4 2 2 1
split_gain=0.0987447 0.300302 0.0872309 0.255018 0.18831 0.104869 0.083818 0.0694378 0.0899523 0.0289149 0.00426071 0.000423145
threshold=0.40484543883215135 0.43281035572577192 0.062371090452878919 1.2817421271464264 1.6558853591210212 0.065683879578638388 0.2215848145073202 1.3781167109236783 1.0689004345059223 2.0770673427453228 1.8634442656149657 13607331.324312082
decision_type=2 2 2 2 2 2 2 2 2 2 2 2
left_child=7 -2 3 -3 -5 -4 -7 -1 9 -9 -10 -12
right_child=1 2 5 4 -6 6 -8 8 10 -11 11 -13
leaf_value=-0.0035668522864580154 -0.011352583672851324 0.012734230607748032 -0.0056403892735640213 -0.0040449374641936559 0.0037647372846932787 -9.1542559660908924e-05 -0.0060466126849253975 0.0095327055454254173 0.0028745121695101261 0.0041554471105337137 0.0012326038841690336 0.0017319569922983648
leaf_weight=4.9999999999999991 5.9999999999999991 4.9999999999999991 8.9999999999999982 12.999999999999998 19 389 5.9999999999999991 4.9999999999999982 4.9999999999999991 5 28 4.9999999999999991
leaf_count=5 6 5 9 13 19 389 6 5 5 5 28 5
internal_value=-1.29803e-11 -0.00024195 -9.07852e-05 0.00223289 0.000592057 -0.000303597 -0.000181999 0.0020406 0.00262471 0.00684408 0.00151435 0.00130826
internal_weight=500 447 441 37 32 404 395 53 48 10 38 33
internal_count=500 447 441 37 32 404 395 53 48 10 38 33
is_linear=0
shrinkage=0.05


Tree=71
num_leaves=21
num_cat=0
split_feature=0 3 3 2 1 3 0 2 3 3 3 3 2 2 3 0 2 2 1 1
split_gain=0.0928196 0.219704 0.628777 0.361105 0.807979 0.284405 0.307198 0.24778 0.191836 0.18609 0.152665 0.334927 0.323885 0.695482 0.297945 0.310443 0.225648 0.0450898 0.0227929 0.00751852
threshold=0.17064622458079406 0.78860203189768197 0.88980006647578203 1.0353268785164937 31322720.10163353 0.68339871213826797 0.20777350475420006 1.1565509196575368 0.97878543045924193 0.62409763194585255 0.96751505213011391 0.91231536265097446 0.9140743167845925 0.57444861907110256 0.79469773874306471 0.16111829459168223 0.48522677480393667 1.0120822564198713 71741223.639172241 27832841.967075996
decision_type=2 2 2 2 2 2 2 2 2 2 2 2 2 2 2 2 2 2 2 2
left_child=10 5 3 4 -3 6 9 -5 18 -2 11 14 13 -13 15 -1 -16 19 -4 -7
right_child=1 2 8 7 -6 17 -8 -9 -10 -11 -12 12 -14 -15 16 -17 -18 -19 -20 -21
leaf_value=0.00045973089433818699 0.002645437750551434 -0.0067157597839832221 -0.0071098522822323571 -0.0069613517927271983 0.016935242999058502 -0.004307993389666075 0.010039038211107255 0.0068854690529406059 0.0044463115185499188 -0.0068656387428442647 -0.0075431610147158315 -0.0018447746522724619 -0.0021488751950008529 0.020674594189040364 0.0012146912319095512 0.0094184983335435391 -0.0054888145545044465 -0.010649702724601542 -0.0033157072216272359 -0.0065468206753333414
leaf_weight=293 9.0000000000000053 5.0000000000000062 19.000000000000007 6.9999999999999982 12.999999999999998 5.0000000000000062 5.9999999999999991 6 4.9999999999999991 11.999999999999998 5.9999999999999991 6.0000000000000027 6.9999999999999991 7.9999999999999991 19 9.9999999999999982 37 6.9999999999999991 4.9999999999999991 14.999999999999998
leaf_count=293 9 5 19 7 13 5 6 6 5 12 6 6 7 8 19 10 37 7 5 15
internal_value=-1.73459e-11 -0.00125356 0.000828809 0.00577944 0.0103655 -0.00356731 6.1315e-05 -0.000570511 -0.00446325 -0.00278946 0.000370223 0.000495171 0.00663267 0.0110234 0.000136154 0.0007554 -0.00321441 -0.00719593 -0.00631941 -0.00598711
internal_weight=500 114 60 31 18 54 27 13 29 21 386 380 21 14 359 303 56 27 24 20
internal_count=500 114 60 31 18 54 27 13 29 21 386 380 21 14 359 303 56 27 24 20
is_linear=0
shrinkage=0.05


Tree=72
num_leaves=16
num_cat=0
split_feature=4 2 1 0 2 0 2 1 5 3 1 4 0 5 1
split_gain=0.0890005 0.100633 0.422984 0.200167 0.297971 0.121126 0.0181524 0.0168152 0.00882229 0.000537958 0.000748767 0.000741057 0.000262706 0.000313374 0.000260708
threshold=1.90532718231892 2.2866980564689405 5712370.748544177 0.062371090452878919 1.7817513026268261 0.055905242003090626 1.5204555300595248 3192309.5142536047 0.94476085402481125 0.50061114856560884 10323177.889918994 2.8925481591966187 0.05467403306337279 1.0000000180025095e-35 1226660.5795870123
decision_type=2 2 2 2 2 2 2 2 2 2 2 2 2 2 2
left_child=1 2 -1 5 -5 -4 8 -3 -2 10 14 -12 -11 -14 -8
right_child=6 7 3 4 -6 -7 9 -9 -10 12 11 -13 13 -15 -16
leaf_value=-0.012603417038917542 0.0047141331247985375 0.0018923173192888498 0.002403719393679728 -0.00027250739994473484 -0.01150214398900668 0.011561037823557855 0.0013552483061657233 0.0053939036792144185 0.0021013232746294563 0.0012829688377678395 0.0012418158724904064 0.0020660140706847108 0.0011189875937998297 0.00055918961297720662 0.0010783391539007426
leaf_weight=6.9999999999999991 5.9999999999999982 5.9999999999999991 13.000000000000002 382 5.9999999999999991 4.9999999999999991 17 7.9999999999999991 7 4.9999999999999991 4.9999999999999982 6 4.9999999999999982 5 17
leaf_count=7 6 6 13 382 6 5 17 8 7 5 5 6 5 5 17
internal_value=1.42027e-11 -0.000275822 -0.000417145 -0.000207037 -0.000446162 0.00494742 0.00161337 0.00389322 0.00330724 0.00124636 0.0013328 0.00169138 0.000987049 0.000839089 0.00121679
internal_weight=500 427 413 406 388 18 73 14 13 60 45 11 15 10 34
internal_count=500 427 413 406 388 18 73 14 13 60 45 11 15 10 34
is_linear=0
shrinkage=0.05


Tree=73
num_leaves=15
num_cat=0
split_feature=3 3 2 3 2 2 1 1 3 0 1 0 3 3
split_gain=0.0878919 0.376364 0.125197 0.231694 0.361322 0.152568 0.699528 0.211518 0.0921947 0.120965 0.114695 0.0614692 0.0711837 0.0126823
threshold=0.92666006636939968 0.91931912444600805 0.42585241740730273 0.71426166709560868 0.38322672097508065 0.54117024165242256 63236572.214079112 51281830.52609653 0.95275346260874871 0.1476614970036739 66727655.377864622 0.14217993263643372 0.93521149499642442 0.7405001828379717
decision_type=2 2 2 2 2 2 2 2 2 2 2 2 2 2
left_child=1 2 3 4 -1 6 -4 -7 11 -10 -11 -2 -13 -5
right_child=8 -3 5 13 -6 7 -8 -9 9 10 -12 12 -14 -15
leaf_value=0.010618917750460763 -0.0085730185466153241 0.012626134666303794 -0.00026508565863658643 -0.0072134743444621525 -0.0061021567632754637 0.00058678787173022616 0.016435406403616071 -0.0023201709106281591 0.0067595720291137654 -0.0061045367736369382 0.0035489543899893759 -0.0069854913651943218 0.0010923617208997408 -0.0046201258559118615
leaf_weight=6.9999999999999982 7.0000000000000027 5.9999999999999991 29 6.0000000000000027 6 301 7.9999999999999991 79 5.0000000000000027 7.9999999999999982 5 4.9999999999999982 6 22
leaf_count=7 7 6 29 6 6 301 8 79 5 8 5 5 6 22
internal_value=2.58675e-11 0.000184651 2.16622e-05 -0.00261473 0.0029015 0.000280876 0.00334583 -1.75536e-05 -0.00237995 0.000150352 -0.00239166 -0.00491025 -0.00257939 -0.00517584
internal_weight=500 464 458 41 13 417 37 380 36 18 13 18 11 28
internal_count=500 464 458 41 13 417 37 380 36 18 13 18 11 28
is_linear=0
shrinkage=0.05


Tree=74
num_leaves=11
num_cat=0
split_feature=0 0 1 0 1 1 1 2 4 4
split_gain=0.0866866 0.0883576 0.255735 0.0899665 0.102989 0.0737957 0.287521 0.254057 0.042335 0.0204812
threshold=0.021874668935624762 0.027811807773157646 4565730.6308415625 0.062371090452878919 15538990.121588932 10323177.889918994 11205490.076427592 1.1827769555519019 0.97668042096440366 2.0375760751103269
decision_type=2 2 2 2 2 2 2 2 2 2
left_child=9 2 -2 4 8 7 -7 -5 -3 -1
right_child=1 3 -4 5 -6 6 -8 -9 -10 -11
leaf_value=0.0067529656738042846 -0.011635389846439165 -0.0028726294636726383 0.0029629746607194342 -0.0088608890026807795 0.007201642403379083 -0.010490622664136548 -0.00026331252407312314 0.0031283913774562905 0.0016550712060888072 0.0024200174491852519
leaf_weight=4.9999999999999982 5.9999999999999982 5.9999999999999991 6 4.9999999999999991 7.9999999999999991 6.9999999999999991 376 38 37 6
leaf_count=5 6 6 6 5 8 7 376 38 37 6
internal_value=-2.70084e-12 -9.87422e-05 -0.00433621 7.86071e-06 0.00199245 -0.000229731 -0.000450235 0.00173429 0.0010233 0.00438954
internal_weight=500 489 12 477 51 426 383 43 43 11
internal_count=500 489 12 477 51 426 383 43 43 11
is_linear=0
shrinkage=0.05


Tree=75
num_leaves=15
num_cat=0
split_feature=3 3 2 3 3 2 1 1 3 0 1 0 2 3
split_gain=0.0784014 0.340484 0.111697 0.209104 0.344872 0.139189 0.631324 0.187884 0.0832057 0.109171 0.103512 0.055476 0.0657039 0.0114458
threshold=0.92666006636939968 0.91931912444600805 0.42585241740730273 0.71426166709560868 0.64984156452317865 0.54117024165242256 63236572.214079112 51281830.52609653 0.95275346260874871 0.1476614970036739 66727655.377864622 0.14217993263643372 0.6418543844341501 0.7405001828379717
decision_type=2 2 2 2 2 2 2 2 2 2 2 2 2 2
left_child=1 2 3 4 -1 6 -4 -7 11 -10 -11 -2 -13 -5
right_child=8 -3 5 13 -6 7 -8 -9 9 10 -12 12 -14 -15
leaf_value=-0.0075316040962934497 -0.0081312020708407644 0.012007993645966053 -0.00023866574568995113 -0.0068396350368857342 0.0092078348156064745 0.00054874431177125962 0.01562680215574801 -0.0021909966687612896 0.0064347586780786475 -0.0057861442444846044 0.0033846721425652496 0.0017958571761846549 -0.0059648475299278886 -0.0043759539384733547
leaf_weight=4.9999999999999991 7.0000000000000027 5.9999999999999991 29 6.0000000000000027 7.9999999999999991 301 7.9999999999999991 79 5.0000000000000027 7.9999999999999982 5 4.9999999999999982 6 22
leaf_count=5 7 6 29 6 8 301 8 79 5 8 5 5 6 22
internal_value=4.20725e-11 0.000174397 1.93718e-05 -0.00247083 0.00276959 0.000264212 0.00319171 -2.08334e-05 -0.00224778 0.000156 -0.00225891 -0.00465157 -0.00243725 -0.00490389
internal_weight=500 464 458 41 13 417 37 380 36 18 13 18 11 28
internal_count=500 464 458 41 13 417 37 380 36 18 13 18 11 28
is_linear=0
shrinkage=0.05


Tree=76
num_leaves=12
num_cat=0
split_feature=0 0 2 0 2 4 4 1 1 2 4
split_gain=0.0772085 0.0808581 0.245943 0.0787365 0.0995755 0.243897 0.150931 0.0643215 0.26144 0.229287 0.0184843
threshold=0.021874668935624762 0.027811807773157646 1.8792814493059768 0.062371090452878919 1.4363351390830241 0.98387270160717677 1.0742116593499185 10323177.889918994 11205490.076427592 1.1827769555519019 2.0375760751103269
decision_type=2 2 2 2 2 2 2 2 2 2 2
left_child=10 2 -2 4 6 -6 -3 9 -9 -5 -1
right_child=1 3 -4 7 5 -7 -8 8 -10 -11 -12
leaf_value=0.0063878803700208684 -0.012616396844387057 0.010648598042981967 0.0019028528992618831 -0.0084452816843986513 -0.0097634282708168041 0.0021110331057570876 0.00026554941598858154 -0.0099935288674065058 -0.00024109844984040855 0.002944534588421352 0.0022715792991220948
leaf_weight=4.9999999999999982 4.9999999999999982 6.9999999999999982 7 4.9999999999999991 4.9999999999999991 32 7 6.9999999999999991 376 38 6
leaf_count=5 5 7 7 5 5 32 7 7 376 38 6
internal_value=1.3737e-12 -9.31879e-05 -0.00414683 8.79064e-06 0.00186539 0.000506376 0.00545707 -0.000213478 -0.000419341 0.00162014 0.00414263
internal_weight=500 489 12 477 51 37 14 426 383 43 11
internal_count=500 489 12 477 51 37 14 426 383 43 11
is_linear=0
shrinkage=0.05


Tree=77
num_leaves=18
num_cat=0
split_feature=1 1 2 2 1 1 2 2 2 0 1 0 1 3 3 1 3
split_gain=0.0725505 0.164859 0.695367 0.845139 0.294321 0.269989 0.216557 0.52862 0.197019 0.130224 0.245511 0.0794204 0.0362613 0.0100761 0.00916864 0.00283745 0.00159801
threshold=72886611.689239442 62861917.677182458 0.59019138135732629 0.4559969724634419 54202888.031144448 53131714.977987416 1.0563655996945427 0.96868959201703564 0.62295506405988166 0.17378863674831005 58872019.950320639 0.10406258932869002 79552498.2123629 0.73374170893331259 0.68339871213826797 75073779.925861374 0.90879314381290566
decision_type=2 2 2 2 2 2 2 2 2 2 2 2 2 2 2 2 2
left_child=1 4 3 -3 5 8 7 -4 -1 14 -11 12 -2 -13 -6 -15 -17
right_child=11 2 6 -5 9 -7 -8 -9 -10 10 -12 13 -14 15 -16 16 -18
leaf_value=-0.0023683535074120136 -0.0013863617926836017 -0.0015769159155232565 -0.0028159767744087034 0.021587631271945108 -0.0087543424963951056 0.010779294619957608 -0.0098754219089945156 0.015273830965161323 0.00062427638287819833 -0.0056387378523747129 0.008179832361638547 -0.0049715431200133414 0.0046353738009929646 -0.0036746320314705351 -0.0063186389339320807 -0.0017300398834049708 -0.0029941637814044947
leaf_weight=67 4.9999999999999982 6.9999999999999991 21.000000000000004 8.9999999999999982 5.0000000000000027 5.9999999999999991 5.9999999999999991 4.9999999999999991 307 8.9999999999999982 4.9999999999999991 9.0000000000000018 5 7.0000000000000027 17 4.9999999999999982 5
leaf_count=67 5 7 21 9 5 6 6 5 307 9 5 9 5 7 17 5 5
internal_value=-2.07801e-11 0.000167763 0.00294232 0.0114531 -0.000152378 0.000256971 -0.00131309 0.000662832 8.81635e-05 -0.00447328 -0.000703534 -0.00216229 0.00162451 -0.00361874 -0.00687221 -0.00290256 -0.0023621
internal_weight=500 464 48 16 416 380 32 26 374 36 14 36 10 26 22 17 10
internal_count=500 464 48 16 416 380 32 26 374 36 14 36 10 26 22 17 10
is_linear=0
shrinkage=0.05


Tree=78
num_leaves=13
num_cat=0
split_feature=3 3 2 3 2 2 4 3 0 3 0 3
split_gain=0.0702508 0.313109 0.414684 0.122881 0.0833133 0.238679 0.217433 0.0746969 0.102584 0.0856375 0.0530654 0.0627562
threshold=0.92666006636939968 0.91231536265097446 0.9140743167845925 0.90645300619107705 0.96868959201703564 0.99428373094646394 0.93193910842418515 0.95275346260874871 0.1476614970036739 0.99290131369560886 0.14217993263643372 0.93521149499642442
decision_type=2 2 2 2 2 2 2 2 2 2 2 2
left_child=1 3 -3 4 6 -6 -1 10 -9 -10 -2 -12
right_child=7 2 -4 -5 5 -7 -8 8 9 -11 11 -13
leaf_value=-0.0004469403200158754 -0.007808493556720867 0.017431286970774337 -0.0011582253500819204 -0.0071543343054751565 0.008655200153589249 0.00036021749667056348 -0.011007182225584985 0.0062362060323357541 -0.0053993591805920017 0.0029421303048729891 -0.0063766990602016462 0.001207925441364447
leaf_weight=194 7.0000000000000027 5.9999999999999982 6 5.9999999999999991 8.9999999999999982 238 4.9999999999999991 5.0000000000000027 7.9999999999999982 5 4.9999999999999982 6
leaf_count=194 7 6 6 6 9 238 5 5 8 5 5 6
internal_value=1.39233e-11 0.000165083 0.00813653 -4.65482e-05 4.90723e-05 0.000662464 -0.000712273 -0.00212774 0.000149823 -0.00219109 -0.0044053 -0.00223963
internal_weight=500 464 12 452 446 247 199 36 18 13 18 11
internal_count=500 464 12 452 446 247 199 36 18 13 18 11
is_linear=0
shrinkage=0.05


Tree=79
num_leaves=10
num_cat=0
split_feature=0 0 0 0 3 2 3 1 4
split_gain=0.0686861 0.125096 0.0695021 0.196877 0.441181 0.157623 0.119379 0.100918 0.0204917
threshold=0.023997403924644427 0.027811807773157646 0.10517157182895551 0.096962406597327036 0.71592583388624653 1.6106757985058866 0.89646766993180826 72886611.689239442 2.0375760751103269
decision_type=2 2 2 2 2 2 2 2 2
left_child=8 -2 3 6 -5 7 -3 -4 -1
right_child=1 2 5 4 -6 -7 -8 -9 -10
leaf_value=0.0060192614421248443 -0.0059394549371467702 -0.00019565220212805707 1.0601224170790779e-05 0.0090422245330716421 -0.0035402452403848826 -0.0074540118454024199 0.0060457254527136687 -0.0033379942364990716 0.0020270154966662329
leaf_weight=4.9999999999999991 8.9999999999999982 181 225 19.000000000000004 10.999999999999998 7.9999999999999991 7.9999999999999991 25 8.9999999999999982
leaf_count=5 9 181 225 19 11 8 8 25 9
internal_value=1.05938e-12 -9.94639e-05 1.07246e-05 0.00066581 0.00442865 -0.000545336 6.85331e-05 -0.000324258 0.00345282
internal_weight=500 486 477 219 30 258 189 250 14
internal_count=500 486 477 219 30 258 189 250 14
is_linear=0
shrinkage=0.05


Tree=80
num_leaves=13
num_cat=0
split_feature=0 0 3 2 0 3 0 3 3 3 3 2
split_gain=0.0677471 0.093135 0.354849 0.495858 0.331733 0.199138 0.18773 0.221954 0.221462 0.149889 0.295301 0.00982321
threshold=0.2215848145073202 0.20448175866875426 0.78860203189768197 0.75310600233385439 0.20714345300783477 0.69696795425881686 0.17064622458079406 0.63402371089898124 0.81552110293474966 0.96751505213011391 0.91231536265097446 0.85016531402288176
decision_type=2 2 2 2 2 2 2 2 2 2 2 2
left_child=1 6 5 4 -4 -3 9 -8 -9 10 -1 -7
right_child=-2 2 3 -5 -6 11 7 8 -10 -11 -12 -13
leaf_value=9.5556473439237661e-05 -0.005281023060282072 0.003213046905067231 0.01096586570143699 0.01932319405799111 -0.0064722621813416469 -0.0054717229865491402 0.0059872743274484372 -0.0066349559431446012 -0.00076376250945031643 -0.0075322403572499752 0.0061956641486003291 -0.0086059226468205435
leaf_weight=359 5.9999999999999991 9.0000000000000018 5.0000000000000018 5.9999999999999991 6 4.9999999999999982 6.9999999999999991 29 36 5.9999999999999991 21 5
leaf_count=359 6 9 5 6 6 5 7 29 36 6 21 5
internal_value=3.85335e-12 6.4142e-05 0.00251289 0.00776088 0.00145416 -0.00218267 -0.000128336 -0.0024722 -0.00338322 0.000308861 0.000432668 -0.00703882
internal_weight=500 494 36 17 11 19 458 72 65 386 380 10
internal_count=500 494 36 17 11 19 458 72 65 386 380 10
is_linear=0
shrinkage=0.05


Tree=81
num_leaves=15
num_cat=0
split_feature=3 3 2 3 2 2 1 1 3 0 3 1 0 1
split_gain=0.0686268 0.278658 0.0854328 0.179256 0.31014 0.128955 0.514968 0.151346 0.0760962 0.0924649 0.0810787 0.0578491 0.0558249 0.0107179
threshold=0.92666006636939968 0.91931912444600805 0.42585241740730273 0.71426166709560868 0.38322672097508065 0.54117024165242256 63236572.214079112 51281830.52609653 0.95275346260874871 0.1476614970036739 0.99290131369560886 34684127.458530657 0.14217993263643372 35059502.470893361
decision_type=2 2 2 2 2 2 2 2 2 2 2 2 2 2
left_child=1 2 3 4 -1 6 -4 -7 11 -10 -11 -2 -13 -5
right_child=8 -3 5 13 -6 7 -8 -9 9 10 -12 12 -14 -15
leaf_value=0.0098470598459243792 -0.0079550761463386636 0.010868591939409575 -4.3310167203689442e-05 -0.0059543789247982178 -0.0056445234765609099 0.00047388289383290793 0.01428573252633214 -0.0019850680097654653 0.0059742119535803754 -0.0051483797607943423 0.0029680520296096798 -0.0060425389930605904 0.0011109786418577034 -0.0037889484083279967
leaf_weight=6.9999999999999982 7.0000000000000027 5.9999999999999991 29 8.0000000000000018 6 301 7.9999999999999991 79 5.0000000000000027 7.9999999999999982 5 4.9999999999999982 6 20
leaf_count=7 7 6 29 8 6 301 8 79 5 8 5 5 6 20
internal_value=-1.08266e-12 0.000163164 2.29182e-05 -0.00215492 0.0026971 0.000237046 0.00305486 -3.73201e-05 -0.002103 0.000195793 -0.00202668 -0.0044018 -0.00214062 -0.00440764
internal_weight=500 464 458 41 13 417 37 380 36 18 13 18 11 28
internal_count=500 464 458 41 13 417 37 380 36 18 13 18 11 28
is_linear=0
shrinkage=0.05


Tree=82
num_leaves=15
num_cat=0
split_feature=3 3 0 3 0 3 0 0 2 3 3 0 1 0
split_gain=0.0619357 0.251489 0.0773693 0.484153 0.474808 0.185345 0.173255 0.309892 0.173584 0.0686769 0.0869723 0.141687 0.0522088 0.050382
threshold=0.92666006636939968 0.91931912444600805 0.20448175866875426 0.78860203189768197 0.20777350475420006 0.68339871213826797 0.18824753306410083 0.18537178563377474 1.0120822564198713 0.95275346260874871 0.96751505213011391 0.17712598977167762 34684127.458530657 0.14217993263643372
decision_type=2 2 2 2 2 2 2 2 2 2 2 2 2 2
left_child=1 2 6 5 -5 -4 7 -1 -8 12 -11 -12 -2 -14
right_child=9 -3 3 4 -6 -7 8 -9 -10 10 11 -13 13 -15
leaf_value=-7.0271361076364709e-05 -0.007557322430823527 0.010325161864360173 0.0030068222847249764 0.020035613949100178 0.0018772144284513262 -0.0063274215405377063 -0.0010936823183376537 0.011380881691972416 -0.0092322406824678193 0.0051011819082001815 -0.0068633540134344796 0.0041568906232714647 -0.0057404119893908513 0.0010554297206302483
leaf_weight=386 7.0000000000000027 5.9999999999999991 9.0000000000000018 5.9999999999999991 8.9999999999999982 12.999999999999998 19.000000000000004 5.9999999999999991 9.9999999999999982 6.0000000000000027 6.9999999999999982 5 4.9999999999999982 6
leaf_count=386 7 6 9 6 9 13 19 6 10 6 7 5 5 6
internal_value=1.40164e-11 0.000155006 2.17723e-05 0.00221388 0.00914057 -0.00250887 -0.000170883 0.000105001 -0.00390008 -0.00199785 0.000186004 -0.00227159 -0.00418171 -0.00203359
internal_weight=500 464 458 37 15 22 421 392 29 36 18 12 18 11
internal_count=500 464 458 37 15 22 421 392 29 36 18 12 18 11
is_linear=0
shrinkage=0.05


Tree=83
num_leaves=10
num_cat=0
split_feature=0 0 0 2 4 4 0 0 4
split_gain=0.0610495 0.113947 0.0665958 0.091425 0.220117 0.133982 0.0535813 0.0949089 0.0184938
threshold=0.023997403924644427 0.027811807773157646 0.062371090452878919 1.4363351390830241 0.98387270160717677 1.0742116593499185 0.2215848145073202 0.21134354788729451 2.0375760751103269
decision_type=2 2 2 2 2 2 2 2 2
left_child=8 -2 3 5 -5 -3 7 -4 -1
right_child=1 2 6 4 -6 -7 -8 -9 -10
leaf_value=0.0056933402270078664 -0.0056674405828946173 0.010051767474838668 -0.00025490307216030346 -0.0093396574258804328 0.0019410809691180475 0.00026906710118055341 -0.0048846237982312843 0.0042566640923420588 0.0019007063160339994
leaf_weight=4.9999999999999991 8.9999999999999982 6.9999999999999982 408 4.9999999999999991 32 7 5.9999999999999991 11.999999999999998 8.9999999999999982
leaf_count=5 9 7 408 5 32 7 6 12 9
internal_value=2.30502e-11 -9.37717e-05 1.13919e-05 0.00171887 0.000416657 0.00516042 -0.000193024 -0.000126001 0.00325522
internal_weight=500 486 477 51 37 14 426 420 14
internal_count=500 486 477 51 37 14 426 420 14
is_linear=0
shrinkage=0.05


Tree=84
num_leaves=13
num_cat=0
split_feature=2 2 2 0 2 4 3 5 5 4 0 1
split_gain=0.0595513 0.335726 0.115304 0.129141 0.110558 0.138127 0.348078 0.0678123 0.0605803 0.014629 0.0149823 0.00167576
threshold=1.6642808382205214 1.6106757985058866 1.5241996666966109 0.027811807773157646 1.7817513026268261 0.98387270160717677 0.40484543883215135 0.92259726396627573 1.0000000180025095e-35 1.90532718231892 0.06985569501717713 10323177.889918994
decision_type=2 2 2 2 2 2 2 2 2 2 2 2
left_child=1 2 3 -1 7 6 -6 -2 -5 10 -7 -11
right_child=4 -3 -4 8 5 9 -8 -9 -10 11 -12 -13
leaf_value=-0.0081622300669550903 0.0100560087710619 -0.0098148015638192497 0.0055461338307294583 -0.00030773383773752115 0.0049981214851140994 0.0015695413913239132 -0.012864458188414571 0.0024320444624338828 0.0016273375205776615 0.0007427592768429101 0.0048704852536320693 0.0013888822304299819
leaf_weight=4.9999999999999991 4.9999999999999982 8.9999999999999982 8.9999999999999982 335 4.9999999999999982 10.999999999999998 6 7 46 44 4.9999999999999991 12.999999999999998
leaf_count=5 5 9 9 335 5 11 6 7 46 44 5 13
internal_value=5.0175e-12 -0.000265996 -4.84285e-05 -0.000178872 0.0011194 0.000478073 -0.0047451 0.0056087 -7.41032e-05 0.00126513 0.00260109 0.000890121
internal_weight=500 404 395 386 96 84 11 12 381 73 16 57
internal_count=500 404 395 386 96 84 11 12 381 73 16 57
is_linear=0
shrinkage=0.05


Tree=85
num_leaves=10
num_cat=0
split_feature=0 0 0 1 1 1 2 0 4
split_gain=0.0576767 0.0995978 0.0592905 0.0828215 0.048731 0.238113 0.201136 0.0331391 0.0169448
threshold=0.023997403924644427 0.027811807773157646 0.062371090452878919 15538990.121588932 10323177.889918994 11205490.076427592 1.1827769555519019 0.05012254974318496 2.0375760751103269
decision_type=2 2 2 2 2 2 2 2 2
left_child=8 -2 3 7 6 -6 -4 -3 -1
right_child=1 2 4 -5 5 -7 -8 -9 -10
leaf_value=0.0054978020116686829 -0.0053020668112569386 0.0021699002234353906 -0.0080170060694217688 0.0062896613497287037 -0.0095019546204379631 -0.00019478430582007316 0.0026507306163885483 -0.00060695690124041657 0.0018674773319313925
leaf_weight=4.9999999999999991 8.9999999999999982 21 4.9999999999999991 7.9999999999999991 6.9999999999999991 376 38 22 8.9999999999999982
leaf_count=5 9 21 5 8 7 376 38 22 9
internal_value=3.0268e-13 -9.11447e-05 7.17462e-06 0.00161828 -0.000185704 -0.000364889 0.0014103 0.000749183 0.00316402
internal_weight=500 486 477 51 426 383 43 43 14
internal_count=500 486 477 51 426 383 43 43 14
is_linear=0
shrinkage=0.05


Tree=86
num_leaves=19
num_cat=0
split_feature=0 0 0 1 1 1 3 3 2 2 3 0 2 3 1 1 3 3
split_gain=0.055762 0.180378 0.30042 0.231009 0.166426 0.154571 0.126994 0.278604 0.27037 0.558485 0.217383 0.297636 0.207438 0.0925432 0.0692285 0.191275 0.0189821 0.0107068
threshold=0.17064622458079406 0.19474735625807132 0.19655256149771846 63764793.974376097 58872019.950320639 57457153.99672097 0.96751505213011391 0.91231536265097446 0.9140743167845925 0.57444861907110256 0.79469773874306471 0.16111829459168223 0.48522677480393667 0.89646766993180826 36532550.399131425 31517008.618871022 0.67015469499907299 0.77608994270380505
decision_type=2 2 2 2 2 2 2 2 2 2 2 2 2 2 2 2 2 2
left_child=6 4 -3 5 14 -4 7 10 9 -9 11 -1 -12 -6 15 -2 -16 -5
right_child=1 2 3 17 13 -7 -8 8 -10 -11 12 -13 -14 -15 16 -17 -18 -19
leaf_value=0.00031290828858648428 -0.0059042909648269401 0.011459919561942419 0.00036670856583767976 -0.0077082584922512389 0.0050362952752038845 0.009704477973282338 -0.0069305093648533034 -0.0015210923428336772 -0.0020247141165392743 0.018658811878412961 0.0014581417762919479 0.0090849398262798781 -0.0049691823248222879 -0.003635000120848417 -0.0094620075076818407 0.0057355865091085444 -0.0059325553011149168 -0.0048298925959638188
leaf_weight=293 12.000000000000002 5.9999999999999991 39 5.9999999999999982 7.9999999999999982 4.9999999999999991 5.9999999999999991 6.0000000000000027 6.9999999999999991 7.9999999999999991 19 9.9999999999999982 37 5 5.0000000000000027 4.9999999999999991 15.999999999999998 7
leaf_count=293 12 6 39 6 8 5 6 6 7 8 19 10 37 5 5 5 16 7
internal_value=-3.41912e-11 -0.000971617 0.000817853 -0.000302364 -0.00318214 0.00142782 0.000286954 0.000400914 0.00599862 0.0100103 7.34721e-05 0.000602414 -0.00278848 0.00170118 -0.00485275 -0.0024808 -0.0067729 -0.00615837
internal_weight=500 114 63 57 51 44 386 380 21 14 359 303 56 13 38 17 21 13
internal_count=500 114 63 57 51 44 386 380 21 14 359 303 56 13 38 17 21 13
is_linear=0
shrinkage=0.05


Tree=87
num_leaves=15
num_cat=0
split_feature=3 3 2 3 3 2 1 1 3 0 3 0 3 3
split_gain=0.0553373 0.229398 0.079306 0.156257 0.296037 0.120639 0.463339 0.126429 0.0689897 0.0793097 0.0739586 0.0485715 0.0561119 0.0109745
threshold=0.92666006636939968 0.91931912444600805 0.42585241740730273 0.71426166709560868 0.64984156452317865 0.54117024165242256 63236572.214079112 51281830.52609653 0.95275346260874871 0.1476614970036739 0.99290131369560886 0.14217993263643372 0.93521149499642442 0.7405001828379717
decision_type=2 2 2 2 2 2 2 2 2 2 2 2 2 2
left_child=1 2 3 4 -1 6 -4 -7 11 -10 -11 -2 -13 -5
right_child=8 -3 5 13 -6 7 -8 -9 9 10 -12 12 -14 -15
leaf_value=-0.0070929734408855449 -0.0073331629458282645 0.0098597227906187385 1.2258388872804313e-05 -0.0060777508964141172 0.0084160597063601024 0.00042743456085441491 0.013604031410068274 -0.0018200027779970741 0.0056519884429872 -0.0047394038410857329 0.0030124600976705546 -0.0059172542393207562 0.0012546279778083164 -0.0036653241565959022
leaf_weight=4.9999999999999991 7.0000000000000027 5.9999999999999991 29 6.0000000000000027 7.9999999999999991 301 7.9999999999999991 79 5.0000000000000027 7.9999999999999982 5 4.9999999999999982 6 22
leaf_count=5 7 6 29 6 8 301 8 79 5 8 5 5 6 22
internal_value=1.26078e-11 0.000146516 1.92692e-05 -0.00207903 0.00245105 0.000225576 0.00295102 -3.97958e-05 -0.00188843 0.00030039 -0.00175792 -0.00407726 -0.00200532 -0.00418227
internal_weight=500 464 458 41 13 417 37 380 36 18 13 18 11 28
internal_count=500 464 458 41 13 417 37 380 36 18 13 18 11 28
is_linear=0
shrinkage=0.05


Tree=88
num_leaves=18
num_cat=0
split_feature=1 1 2 2 1 1 2 2 3 0 1 0 1 3 3 1 3
split_gain=0.0533729 0.147578 0.553948 0.663358 0.229589 0.22641 0.178109 0.446875 0.169469 0.117671 0.193848 0.0659813 0.0402196 0.00905776 0.00904721 0.00527636 0.00184653
threshold=72886611.689239442 62861917.677182458 0.59019138135732629 0.4559969724634419 54202888.031144448 53131714.977987416 1.0563655996945427 0.96868959201703564 0.84704804513470588 0.17378863674831005 58872019.950320639 0.10406258932869002 79552498.2123629 0.73374170893331259 0.68339871213826797 75073779.925861374 0.90879314381290566
decision_type=2 2 2 2 2 2 2 2 2 2 2 2 2 2 2 2 2
left_child=1 4 3 -3 5 8 7 -4 -1 14 -11 12 -2 -13 -6 -15 -17
right_child=11 2 6 -5 9 -7 -8 -9 -10 10 -12 13 -14 15 -16 16 -18
leaf_value=0.00047087616709943277 -0.0015739961713552479 -0.0011787433975509235 -0.0024357003292867115 0.019343918065230052 -0.0081252805143594686 0.0098382925614714633 -0.0087942555857201416 0.014196703881025313 -0.0026305712558621287 -0.00477713935284151 0.0075017306581139564 -0.0044647527651654334 0.0047678985632956025 -0.0035559464844741977 -0.0057057611425133312 -0.0010866778716444971 -0.0024455487262457607
leaf_weight=323 4.9999999999999982 6.9999999999999991 21.000000000000004 8.9999999999999982 5.0000000000000027 5.9999999999999991 5.9999999999999991 4.9999999999999991 51 8.9999999999999982 4.9999999999999991 9.0000000000000018 5 7.0000000000000027 17 4.9999999999999982 5
leaf_count=323 5 7 21 9 5 6 6 5 51 9 5 9 5 7 17 5 5
internal_value=-6.22822e-12 0.000143892 0.00276901 0.0103653 -0.000159006 0.000202536 -0.00102912 0.000762839 4.79515e-05 -0.00397528 -0.000391829 -0.00185461 0.00159695 -0.00318214 -0.00625565 -0.0025031 -0.00176611
internal_weight=500 464 48 16 416 380 32 26 374 36 14 36 10 26 22 17 10
internal_count=500 464 48 16 416 380 32 26 374 36 14 36 10 26 22 17 10
is_linear=0
shrinkage=0.05


Tree=89
num_leaves=9
num_cat=0
split_feature=0 0 2 0 3 3 3 1
split_gain=0.0535224 0.242096 0.0745628 0.0801524 0.157116 0.123857 0.0487827 0.00237038
threshold=0.21626476984671419 0.21134354788729451 0.33457010229389 0.17064622458079406 0.78860203189768197 0.96751505213011391 0.79469773874306471 45366399.603806615
decision_type=2 2 2 2 2 2 2 2
left_child=1 2 7 5 -5 -4 -2 -1
right_child=6 -3 3 4 -6 -7 -8 -9
leaf_value=-0.0050853991322219391 -0.0059932353773287372 0.010062754526734352 0.00048725029977973581 -0.0035833435382966587 0.00053871657506053181 -0.0067542502346138169 0.00047311708331108086 -0.0035457940865308043
leaf_weight=4.9999999999999982 6.9999999999999982 5.9999999999999991 372 41 53 5.9999999999999991 5 5
leaf_count=5 7 6 372 41 53 6 5 5
internal_value=4.72064e-12 8.1121e-05 -4.31317e-05 4.73867e-05 -0.0012592 0.000372306 -0.00329892 -0.0043156
internal_weight=500 488 482 472 94 378 12 10
internal_count=500 488 482 472 94 378 12 10
is_linear=0
shrinkage=0.05


Tree=90
num_leaves=12
num_cat=0
split_feature=0 0 3 1 2 0 2 0 3 3 1
split_gain=0.0492262 0.076845 0.322506 0.322383 0.360851 0.136907 0.224535 0.364664 0.107499 0.236137 0.0613084
threshold=0.2215848145073202 0.20448175866875426 0.63672259678646526 63764793.974376097 0.75310600233385439 0.17573872389883527 0.82259150467344411 0.18537178563377474 0.96751505213011391 0.91231536265097446 48980423.254875787
decision_type=2 2 2 2 2 2 2 2 2 2 2
left_child=1 5 -3 4 -4 8 7 -7 9 -1 -8
right_child=-2 2 3 -5 -6 6 10 -9 -10 -11 -12
leaf_value=2.5903687088796932e-05 -0.0045016403620441762 -0.0095047558844089525 0.001772756186934808 -0.0062284620789190143 0.014034680370241404 -0.0057170861001525613 -0.0075890976935625064 0.0048043892974965275 -0.0064165377834190926 0.0053590340539813042 -0.0029663798900750969
leaf_weight=367 5.9999999999999991 4.9999999999999991 15.000000000000005 5.9999999999999991 9.9999999999999982 13.999999999999998 16.000000000000004 20 5.9999999999999991 22 12.999999999999998
leaf_count=367 6 5 15 6 10 14 16 20 6 22 13
internal_value=1.39342e-11 5.46758e-05 0.00227899 0.00417959 0.00667753 -0.000120161 -0.00228476 0.000472017 0.000225079 0.00032752 -0.00551684
internal_weight=500 494 36 31 25 458 63 34 395 389 29
internal_count=500 494 36 31 25 458 63 34 395 389 29
is_linear=0
shrinkage=0.05


Tree=91
num_leaves=14
num_cat=0
split_feature=2 2 2 2 1 1 1 1 1 1 1 3 2
split_gain=0.0495307 0.17591 0.119186 0.170497 0.34051 0.160207 0.0879514 0.259728 0.117947 0.0642701 0.084298 0.159044 0.080583
threshold=0.46770740822272289 0.48522677480393667 0.50721516932365696 0.54117024165242256 66727655.377864622 54202888.031144448 60040669.674594425 66727655.377864622 76016598.99815686 52273448.611201711 43535073.737205483 0.83313963596476215 0.38322672097508065
decision_type=2 2 2 2 2 2 2 2 2 2 2 2 2
left_child=6 -2 -3 4 -4 -5 9 -8 -9 10 12 -12 -1
right_child=1 2 3 5 -6 -7 7 8 -10 -11 11 -13 -14
leaf_value=5.3862210673590484e-05 0.007109941004051103 -0.0069510300333301238 -0.0010980456535305298 0.00048545301325581447 0.015986021906137463 -0.0019437509532043236 0.010179353815813854 -0.0075413057580590269 0.0020121694875082797 -0.006258872917128934 0.0086795219033956542 -0.0039317385852336876 -0.0054432832263410095
leaf_weight=12.000000000000002 8.9999999999999982 5.9999999999999991 6.9999999999999982 322 5 86 6.0000000000000027 5.9999999999999982 7 8.9999999999999982 4.9999999999999982 5 14.999999999999998
leaf_count=12 9 6 7 322 5 86 6 6 7 9 5 5 15
internal_value=6.27915e-13 0.000192369 4.62228e-05 0.000146184 0.00602032 -2.65851e-05 -0.00128739 0.00157439 -0.00239713 -0.00246943 -0.00154768 0.00237389 -0.00300011
internal_weight=500 435 426 420 12 408 65 19 13 46 37 10 27
internal_count=500 435 426 420 12 408 65 19 13 46 37 10 27
is_linear=0
shrinkage=0.05


Tree=92
num_leaves=9
num_cat=0
split_feature=0 0 2 2 2 3 3 1
split_gain=0.0494149 0.208721 0.0669263 0.0681912 0.153416 0.112367 0.0437451 0.00224954
threshold=0.21626476984671419 0.21134354788729451 0.33457010229389 0.38322672097508065 0.42585241740730273 0.72506778719467768 0.79469773874306471 45366399.603806615
decision_type=2 2 2 2 2 2 2 2
left_child=1 2 7 5 -5 -4 -2 -1
right_child=6 -3 3 4 -6 -7 -8 -9
leaf_value=-0.0048351175338029878 -0.0057212184316345633 0.0093460539976755793 0.009499407410621644 -0.0045774251636531626 0.00013187028670392069 -5.5606057867407801e-05 0.00040216349065303803 -0.0033352716080844399
leaf_weight=4.9999999999999982 6.9999999999999982 5.9999999999999991 4.9999999999999991 18 441 7.9999999999999991 5 5
leaf_count=5 7 6 5 18 441 8 5 5
internal_value=-2.42144e-12 7.79461e-05 -3.74245e-05 4.83333e-05 -5.2808e-05 0.0036194 -0.00316981 -0.00408519
internal_weight=500 488 482 472 459 13 12 10
internal_count=500 488 482 472 459 13 12 10
is_linear=0
shrinkage=0.05


Tree=93
num_leaves=11
num_cat=0
split_feature=0 0 1 1 2 1 3 0 3 4
split_gain=0.048077 0.0943146 0.046438 0.128329 0.464073 0.190033 0.0604901 0.113897 0.0188735 0.0152926
threshold=0.023997403924644427 0.027811807773157646 72886611.689239442 62861917.677182458 0.59019138135732629 54202888.031144448 0.69089484901759801 0.121532113862122 0.73374170893331259 2.0375760751103269
decision_type=2 2 2 2 2 2 2 2 2 2
left_child=9 -2 3 5 -5 -3 7 -4 -8 -1
right_child=1 2 6 4 -6 -7 8 -9 -10 -11
leaf_value=0.0051058270037174225 -0.0051540484031041469 0.00020447826206872267 0.0069267155230045329 0.0095467348932288601 -0.00088241523480974142 -0.0036070182039919826 -0.005746115073561665 -0.003745546899735927 -0.0023279854571834828 0.0016570187122043637
leaf_weight=4.9999999999999991 8.9999999999999982 357 4.9999999999999982 15.999999999999998 32 36 5.0000000000000027 5 21 8.9999999999999982
leaf_count=5 9 357 5 16 32 36 5 5 21 9
internal_value=-8.11851e-12 -8.32146e-05 1.24615e-05 0.000153416 0.00259397 -0.000144666 -0.00171423 0.00159058 -0.00298532 0.00288874
internal_weight=500 486 477 441 48 393 36 10 26 14
internal_count=500 486 477 441 48 393 36 10 26 14
is_linear=0
shrinkage=0.05


Tree=94
num_leaves=9
num_cat=0
split_feature=0 0 2 0 3 0 3 1
split_gain=0.0449003 0.189671 0.0615927 0.0626009 0.130842 0.112784 0.03948 0.00187566
threshold=0.21626476984671419 0.21134354788729451 0.33457010229389 0.17064622458079406 0.78860203189768197 0.16111829459168223 0.79469773874306471 45366399.603806615
decision_type=2 2 2 2 2 2 2 2
left_child=1 2 7 5 -5 -4 -2 -1
right_child=6 -3 3 4 -6 -7 -8 -9
leaf_value=-0.0046035855822265164 -0.0054453814934406972 0.0089093477775653209 0.00012426852604973038 -0.0032290458838205513 0.00053260453607676165 0.0038947393385959529 0.00037183135747909541 -0.0032340395264327522
leaf_weight=4.9999999999999982 6.9999999999999982 5.9999999999999991 357 41 53 21 5 5
leaf_count=5 7 6 357 41 53 21 5 5
internal_value=-6.9178e-12 7.43002e-05 -3.56796e-05 4.65901e-05 -0.00110812 0.000333739 -0.00302154 -0.00391881
internal_weight=500 488 482 472 94 378 12 10
internal_count=500 488 482 472 94 378 12 10
is_linear=0
shrinkage=0.05


Tree=95
num_leaves=15
num_cat=0
split_feature=3 3 3 0 0 3 0 3 0 0 2 0 0 3
split_gain=0.0454743 0.205509 0.068544 0.0829571 0.0636963 0.40704 0.408925 0.149648 0.121587 0.26635 0.137261 0.0566106 0.0484116 0.050064
threshold=0.92666006636939968 0.91931912444600805 0.95275346260874871 0.1476614970036739 0.20448175866875426 0.78860203189768197 0.20777350475420006 0.68339871213826797 0.18824753306410083 0.18537178563377474 1.0120822564198713 0.19106250732326452 0.14217993263643372 0.93521149499642442
decision_type=2 2 2 2 2 2 2 2 2 2 2 2 2 2
left_child=1 4 12 -4 8 7 -7 -6 9 -1 -10 -5 -2 -14
right_child=2 -3 3 11 5 6 -8 -9 10 -11 -12 -13 13 -15
leaf_value=-9.3803991530593629e-05 -0.0071441722767693616 0.009326369253297646 0.0059431284945458129 -0.0042437318945303566 0.0026271907819641954 0.018463493386904398 0.0016119098497761623 -0.0057601436471136722 -0.00079090524905998439 0.010522429924458267 -0.0080280248704366394 0.0025383136421442028 -0.0055202135443687449 0.0012541528170307477
leaf_weight=386 7.0000000000000027 5.9999999999999991 5.0000000000000027 7.9999999999999982 9.0000000000000018 5.9999999999999991 8.9999999999999982 12.999999999999998 19.000000000000004 5.9999999999999991 9.9999999999999982 5 4.9999999999999982 6
leaf_count=386 7 6 5 8 9 6 9 13 19 6 10 5 5 6
internal_value=6.52799e-12 0.000132819 -0.00171189 0.000469853 1.23795e-05 0.00200138 0.00835254 -0.00232896 -0.000162426 6.86894e-05 -0.00328646 -0.00163525 -0.00389363 -0.0018251
internal_weight=500 464 36 18 458 37 15 22 421 392 29 13 18 11
internal_count=500 464 36 18 458 37 15 22 421 392 29 13 18 11
is_linear=0
shrinkage=0.05


Tree=96
num_leaves=11
num_cat=0
split_feature=0 0 0 2 4 4 0 3 2 4
split_gain=0.0433413 0.0851744 0.0445549 0.0792574 0.18826 0.11752 0.0452453 0.111303 0.0384071 0.0138016
threshold=0.023997403924644427 0.027811807773157646 0.062371090452878919 1.4363351390830241 0.98387270160717677 1.0742116593499185 0.065683879578638388 0.50683804175324199 0.46770740822272289 2.0375760751103269
decision_type=2 2 2 2 2 2 2 2 2 2
left_child=9 -2 3 5 -5 -3 7 -4 -8 -1
right_child=1 2 6 4 -6 -7 8 -9 -10 -11
leaf_value=0.0048490125313401227 -0.0048978690057992942 0.0091939131596258713 0.0025157320499420172 -0.0088266618549823761 0.0016058714802056784 3.1877162733248297e-05 -0.0011834758778031056 -0.0072516978053109972 0.00014027511567153976 0.0015726444725361135
leaf_weight=4.9999999999999991 8.9999999999999982 6.9999999999999982 4.9999999999999982 4.9999999999999991 32 7 65 7 349 8.9999999999999982
leaf_count=5 9 7 5 5 32 7 65 7 349 9
internal_value=2.22604e-11 -7.901e-05 1.19119e-05 0.00140853 0.00019607 0.0046129 -0.000155289 -0.00318194 -6.75602e-05 0.00274278
internal_weight=500 486 477 51 37 14 426 12 414 14
internal_count=500 486 477 51 37 14 426 12 414 14
is_linear=0
shrinkage=0.05


Tree=97
num_leaves=15
num_cat=0
split_feature=5 2 1 4 3 1 1 2 4 1 2 1 1 1
split_gain=0.0424322 0.042481 0.0598163 0.200324 0.360586 0.102186 0.190671 0.0660494 0.0296683 0.021293 0.00905834 0.00277537 0.000561633 0.000506097
threshold=1.0695269801768734 2.2866980564689405 14116205.196583694 1.90532718231892 0.63402371089898124 16356764.254965721 16868456.63695135 1.3213752638330132 1.8890181153809118 3192309.5142536047 1.5204555300595248 10502512.145883473 -2597016.7948869793 13607331.324312082
decision_type=2 2 2 2 2 2 2 2 2 2 2 2 2 2
left_child=1 2 3 4 -1 7 -7 -4 9 -3 -5 12 -10 -13
right_child=-2 8 5 10 -6 6 -8 -9 11 -11 -12 13 -14 -15
leaf_value=-0.0062447304752739994 0.004179463407490403 0.0013836475690671556 0.0071996627026237568 0.0025174146088270044 0.0045933406613767143 -0.0089547236760457363 3.5261187037893894e-05 0.0005491335909547549 0.00081125457266656073 0.0055960293548802525 0.00080455845117716022 0.0016912946756929164 0.0002655114310486665 0.0010101762289802232
leaf_weight=33 5.9999999999999991 5.9999999999999982 7.9999999999999982 12.999999999999998 9.9999999999999982 5.9999999999999991 347 7 5.9999999999999991 6 19 4.9999999999999982 22.000000000000004 6
leaf_count=33 6 6 8 13 10 6 347 7 6 6 19 5 22 6
internal_value=-4.06391e-11 -5.07628e-05 -0.000208084 -0.00149506 -0.00372425 5.4208e-05 -0.000117543 0.00409608 0.00131577 0.00348984 0.00150041 0.000646828 0.000382456 0.00131978
internal_weight=500 494 443 75 43 368 353 15 51 12 32 39 28 11
internal_count=500 494 443 75 43 368 353 15 51 12 32 39 28 11
is_linear=0
shrinkage=0.05


Tree=98
num_leaves=18
num_cat=0
split_feature=1 1 2 2 3 3 3 0 2 2 0 0 1 3 2 3 0
split_gain=0.0407072 0.117054 0.418583 0.57147 0.168601 0.266262 0.169839 0.365901 0.156849 0.382519 0.106516 0.0771165 0.0615379 0.164347 0.0238818 0.0133908 0.00256607
threshold=72886611.689239442 62861917.677182458 0.59019138135732629 0.4559969724634419 0.84704804513470588 0.83804667138679012 0.91931912444600805 0.16437197747539559 1.0563655996945427 0.96868959201703564 0.20714345300783477 0.20448175866875426 76337566.728580028 0.69089484901759801 0.59019138135732629 0.76685804749778852 0.14526704230191448
decision_type=2 2 2 2 2 2 2 2 2 2 2 2 2 2 2 2 2
left_child=1 4 3 -3 5 10 11 -8 9 -4 -1 -6 14 -14 -2 -15 -16
right_child=12 2 8 -5 6 -7 7 -9 -10 -11 -12 -13 13 15 16 -17 -18
leaf_value=-9.3671115994857523e-05 -0.0068871172238141294 -0.0016478811523744038 -0.0021156786453156245 0.01740043568942282 -0.0060234618472999766 0.01173738956451416 0.0060991834183888767 -0.0049693105975165963 -0.0081249896204099066 0.013272539824247359 0.0037566145391840691 0.00071772783994674685 0.00712121874094009 -0.0044997185468673706 -0.0034558869339525707 -0.0014502684585750104 -0.0018539901985786854
leaf_weight=329 4.9999999999999991 6.9999999999999991 21.000000000000004 8.9999999999999982 28 4.9999999999999991 14.000000000000002 15.999999999999998 5.9999999999999991 4.9999999999999991 19 4.9999999999999991 6.0000000000000027 5.9999999999999991 4.9999999999999982 8.9999999999999982 5
leaf_count=329 5 7 21 9 28 5 14 16 6 5 19 5 6 6 5 9 5
internal_value=1.78363e-11 0.000125665 0.00246359 0.0090668 -0.000144096 0.000281147 -0.0025268 0.000195987 -0.000838015 0.000843594 0.000116546 -0.00500207 -0.00161968 0.000127456 -0.00406566 -0.00267005 -0.00265494
internal_weight=500 464 48 16 416 353 63 30 32 26 348 33 36 21 15 15 10
internal_count=500 464 48 16 416 353 63 30 32 26 348 33 36 21 15 15 10
is_linear=0
shrinkage=0.05


Tree=99
num_leaves=13
num_cat=0
split_feature=3 3 2 3 3 0 2 2 2 2 0 3
split_gain=0.0423491 0.188623 0.322456 0.0778661 0.0613682 0.0700267 0.0552797 0.544194 0.134893 0.050349 0.0502936 0.0379122
threshold=0.92666006636939968 0.91231536265097446 0.9140743167845925 0.90645300619107705 0.95275346260874871 0.1476614970036739 0.74576630281347189 0.80713155513830392 0.55099220571586482 0.65488400415845616 0.19106250732326452 0.93521149499642442
decision_type=2 2 2 2 2 2 2 2 2 2 2 2
left_child=1 3 -3 6 9 -6 8 -8 -1 11 -7 -2
right_child=4 2 -4 -5 5 10 7 -9 -10 -11 -12 -13
leaf_value=0.00047013568917464004 -0.0048224285244941687 0.014511508867144588 -0.0018809634571274121 -0.0056941361244147032 0.0054410241730511151 -0.0039803727762773638 0.0096942973074813695 -6.5272365252189125e-05 -0.0028010517806531148 -0.0070313495982970518 0.0024120901897549626 0.0010727247533698877
leaf_weight=80 5.0000000000000018 5.9999999999999982 6 5.9999999999999991 5.0000000000000027 7.9999999999999982 14.999999999999998 299 52 6.9999999999999991 5 6
leaf_count=80 5 6 6 6 5 8 15 299 52 7 5 6
internal_value=-2.20622e-11 0.000128174 0.00631527 -3.60855e-05 -0.00165202 0.000412366 4.00318e-05 0.000400949 -0.000818514 -0.0037164 -0.00152173 -0.00160689
internal_weight=500 464 12 452 36 18 446 314 132 18 13 11
internal_count=500 464 12 452 36 18 446 314 132 18 13 11
is_linear=0
shrinkage=0.05


Tree=100
num_leaves=13
num_cat=0
split_feature=2 2 2 2 0 1 2 1 1 1 1 1
split_gain=0.0399422 0.158793 0.104751 0.132159 0.321941 0.124899 0.0744931 0.0822884 0.168185 0.0959244 0.0644035 0.107146
threshold=0.46770740822272289 0.48522677480393667 0.50721516932365696 0.54117024165242256 0.16111829459168223 54202888.031144448 0.4589518729382645 60040669.674594425 68913464.566857174 76016598.99815686 52273448.611201711 43535073.737205483
decision_type=2 2 2 2 2 2 2 2 2 2 2 2
left_child=6 -2 -3 4 -4 -5 7 10 -9 -10 11 -1
right_child=1 2 3 5 -6 -7 -8 8 9 -11 -12 -13
leaf_value=-0.0023934541847556831 0.0067451507887906492 -0.0065259497612714769 -0.0028903916478157047 0.00042760503948946807 0.01348899280031522 -0.0017172760156871276 -0.0064639697627474867 0.0090525270129243485 -0.0064690373092889802 0.0029080975459388958 -0.0055534641879300276 0.0042546799028059471
leaf_weight=25 8.9999999999999982 5.9999999999999991 5.9999999999999982 322 6 86 5.9999999999999991 6.0000000000000027 4.9999999999999982 6 8.9999999999999982 7.9999999999999991
leaf_count=25 9 6 6 322 6 86 6 6 5 6 9 8
internal_value=-8.91305e-14 0.000172748 3.38944e-05 0.000127606 0.0052993 -2.45022e-05 -0.00115608 -0.000616297 0.00231874 -0.00135424 -0.00180429 -0.000781785
internal_weight=500 435 426 420 12 408 65 59 17 11 42 33
internal_count=500 435 426 420 12 408 65 59 17 11 42 33
is_linear=0
shrinkage=0.05


Tree=101
num_leaves=9
num_cat=0
split_feature=0 0 2 0 0 0 3 4
split_gain=0.0391504 0.0452224 0.197699 0.0388497 0.162847 0.0521895 0.0332801 0.0112216
threshold=0.021874668935624762 0.027811807773157646 1.8792814493059768 0.21626476984671419 0.21134354788729451 0.17573872389883527 0.79469773874306471 2.0375760751103269
decision_type=2 2 2 2 2 2 2 2
left_child=7 2 -2 4 5 -3 -5 -1
right_child=1 3 -4 6 -6 -7 -8 -9
leaf_value=0.0046993361599743377 -0.010691445991396906 0.00023325059172288662 0.0023260943525071653 -0.0050244206030453965 0.0082663772006829582 -0.0011270557296055572 0.00031653508543968197 0.0014920857405134784
leaf_weight=4.9999999999999982 4.9999999999999982 372 7 6.9999999999999982 5.9999999999999991 87 5 6
leaf_count=5 5 372 7 7 6 87 5 6
internal_value=-1.63825e-11 -6.63583e-05 -0.00309788 9.90643e-06 8.23949e-05 -2.45852e-05 -0.00279902 0.00294993
internal_weight=500 489 12 477 465 459 12 11
internal_count=500 489 12 477 465 459 12 11
is_linear=0
shrinkage=0.05


Tree=102
num_leaves=8
num_cat=0
split_feature=5 0 0 0 1 0 4
split_gain=0.0378125 0.037461 0.066825 0.040688 0.0703324 0.0375116 0.0119858
threshold=1.0695269801768734 0.023997403924644427 0.027811807773157646 0.062371090452878919 15538990.121588932 0.065683879578638388 2.0375760751103269
decision_type=2 2 2 2 2 2 2
left_child=1 6 -3 4 -4 -5 -1
right_child=-2 2 3 5 -6 -7 -8
leaf_value=0.0044643694907426836 0.0039453946786428187 -0.0043901187471217578 0.00048630863915072618 -0.0029545700973055019 0.0056114846840500839 -0.00011843646518749798 0.0014111241700852084
leaf_weight=4.9999999999999991 5.9999999999999991 8.9999999999999982 41 11.999999999999998 7.9999999999999991 410 8.9999999999999982
leaf_count=5 6 9 41 12 8 410 9
internal_value=8.23056e-12 -4.79198e-05 -0.00012228 -4.07288e-05 0.00132307 -0.000199085 0.00250157
internal_weight=500 494 480 471 49 422 14
internal_count=500 494 480 471 49 422 14
is_linear=0
shrinkage=0.05


Tree=103
num_leaves=12
num_cat=0
split_feature=3 3 2 3 1 3 1 2 0 3 3
split_gain=0.0360321 0.17382 0.291682 0.0690307 0.0602108 0.0728882 0.110976 0.0805312 0.0510821 0.352572 0.086763
threshold=0.92666006636939968 0.91231536265097446 0.9140743167845925 0.90645300619107705 24234820.941703778 0.93521149499642442 47443216.654752061 0.51711561914564752 0.20448175866875426 0.78860203189768197 0.84704804513470588
decision_type=2 2 2 2 2 2 2 2 2 2 2
left_child=1 3 -3 8 -2 -6 -7 -8 10 -10 -1
right_child=4 2 -4 -5 5 6 7 -9 9 -11 -12
leaf_value=9.4049434901438017e-05 -0.0060961983787516756 0.013852914050221446 -0.0017377422501643498 -0.0053668330559351798 -0.0055384633286545649 0.0054312407621182482 0.0034801801294088368 -0.0041728024794296789 -0.0022189017078331251 0.0077222715814908348 -0.0025092794426849912
leaf_weight=374 5.9999999999999991 5.9999999999999982 6 5.9999999999999991 6.0000000000000027 8.0000000000000018 4.9999999999999991 10.999999999999998 22 14.999999999999998 35
leaf_count=374 6 6 6 6 6 8 5 11 22 15 35
internal_value=1.19995e-11 0.000118228 0.00605759 -3.94537e-05 -0.00152383 -0.000609359 0.000622917 -0.00178125 3.22151e-05 0.0018113 -0.000128729
internal_weight=500 464 12 452 36 30 24 16 446 37 409
internal_count=500 464 12 452 36 30 24 16 446 37 409
is_linear=0
shrinkage=0.05


Tree=104
num_leaves=17
num_cat=0
split_feature=2 2 3 1 1 2 1 1 2 2 0 1 2 2 2 3
split_gain=0.0369578 0.100257 0.210967 0.052835 0.138009 0.806148 0.19722 0.253884 0.141705 0.106666 0.0721366 0.0420366 0.0135405 0.00938028 0.00755672 0.00662785
threshold=0.42585241740730273 0.38322672097508065 0.71426166709560868 72886611.689239442 62861917.677182458 0.59019138135732629 54202888.031144448 48181283.067253701 1.0563655996945427 1.1355531279885953 0.092743048243941348 29657652.81531053 0.59019138135732629 0.39947098963010369 0.33457010229389 0.76685804749778852
decision_type=2 2 2 2 2 2 2 2 2 2 2 2 2 2 2 2
left_child=1 2 -1 4 6 -6 7 -2 -7 -8 -5 -4 -12 -3 -13 -14
right_child=3 13 11 10 5 8 9 -9 -10 -11 12 14 15 -15 -16 -17
leaf_value=0.0080222502350807152 -4.840552687889044e-05 -0.0053937610898477321 0.0018036079127341496 0.0035878360643982867 0.016254352529843651 0.00091429536875623938 -0.0052435185909271232 0.0052773647941648967 -0.0076103274654390892 0.0027564457361586394 -0.005061771751691895 -0.0023756156276379318 -0.0035598651639052788 -0.0031109413261421852 -0.0046989015303552147 -0.0016239177435636522
leaf_weight=7.0000000000000027 331 9.0000000000000018 5.0000000000000027 5.0000000000000027 8.9999999999999982 26 25.000000000000004 24 5.9999999999999991 4.9999999999999991 6.0000000000000027 6.9999999999999982 7.0000000000000027 8.9999999999999982 7 11.999999999999998
leaf_count=7 331 9 5 5 9 26 25 24 6 5 6 7 7 9 7 12
internal_value=1.44708e-11 -0.00138387 0.000602007 0.000133531 0.000276356 0.00303412 -1.73278e-05 0.000311647 -0.000684071 -0.00391019 -0.00189458 -0.00213177 -0.00299107 -0.00425235 -0.00353726 -0.00233716
internal_weight=500 44 26 456 426 41 385 355 32 30 30 19 25 18 14 19
internal_count=500 44 26 456 426 41 385 355 32 30 30 19 25 18 14 19
is_linear=0
shrinkage=0.05


Tree=105
num_leaves=9
num_cat=0
split_feature=0 0 2 2 2 3 1 1
split_gain=0.0369607 0.148297 0.0489313 0.0495748 0.119722 0.0896599 0.0306635 0.00246544
threshold=0.21626476984671419 0.21134354788729451 0.33457010229389 0.38322672097508065 0.42585241740730273 0.72506778719467768 24572249.021640584 45366399.603806615
decision_type=2 2 2 2 2 2 2 2
left_child=1 2 7 5 -5 -4 -2 -1
right_child=6 -3 3 4 -6 -7 -8 -9
leaf_value=-0.0042759940959513198 0.00024916101247072223 0.0078796355674664188 0.0083407256007194518 -0.0040397336423565215 0.00012039712080737268 -0.00019441690528765321 -0.0048775374490235531 -0.0027058228850364682
leaf_weight=4.9999999999999982 4.9999999999999982 5.9999999999999991 4.9999999999999991 18 441 7.9999999999999991 7 5
leaf_count=5 5 6 5 18 441 8 7 5
internal_value=-2.2212e-11 6.74118e-05 -2.98358e-05 4.3492e-05 -4.27453e-05 0.00308833 -0.00274141 -0.00349091
internal_weight=500 488 482 472 459 13 12 10
internal_count=500 488 482 472 459 13 12 10
is_linear=0
shrinkage=0.05


Tree=106
num_leaves=15
num_cat=0
split_feature=2 2 3 3 0 0 0 0 3 2 2 2 2 2
split_gain=0.0343725 0.318548 0.674072 0.722373 0.173803 0.130866 0.260927 0.249909 0.253825 0.173398 0.118385 0.227623 0.136034 0.0822248
threshold=0.74576630281347189 0.80713155513830392 0.82969303135799022 0.67224623225293922 0.08751839073078764 0.13036904456432255 0.14302304394004003 0.12472729904218842 0.91231536265097446 0.96868959201703564 0.72234364962377806 0.70700451818048815 0.66461510018434133 0.95292181992377933
decision_type=2 2 2 2 2 2 2 2 2 2 2 2 2 2
left_child=4 2 3 -2 -1 7 13 8 -3 -8 11 12 -6 -7
right_child=1 5 -4 -5 10 6 9 -9 -10 -11 -12 -13 -14 -15
leaf_value=-0.0077858993085101252 0.00044078752398490884 -8.1589788308418889e-05 -0.0053710299011852057 0.026173558086156842 0.00013492063988048588 -0.0048427776247262971 -0.0037236477617688217 0.0098178465451513024 0.0089815577666740865 0.0013032277501008054 -0.0061471226625144483 0.010583486340474339 -0.0062198551319953476 -0.013910565823316574
leaf_weight=7.9999999999999991 5.0000000000000018 225 6.9999999999999991 6 131 4.9999999999999982 29 6.9999999999999991 7.9999999999999991 42 7.9999999999999991 4.9999999999999991 8.9999999999999982 5
leaf_count=8 5 225 7 6 131 5 29 7 8 42 8 5 9 5
internal_value=-2.16962e-11 0.000285696 0.00675823 0.0144768 -0.000601558 -7.725e-05 -0.00181502 0.000509249 0.000229591 -0.000750003 -0.000225906 0.000100782 -0.000273601 -0.00937667
internal_weight=500 339 18 11 161 321 81 240 233 71 153 145 140 10
internal_count=500 339 18 11 161 321 81 240 233 71 153 145 140 10
is_linear=0
shrinkage=0.05


Tree=107
num_leaves=11
num_cat=0
split_feature=5 2 2 2 4 3 2 0 5 4
split_gain=0.0340489 0.0364725 0.454849 0.103244 0.117861 0.305493 0.0864069 0.111561 0.0643472 0.0120682
threshold=1.0695269801768734 1.6642808382205214 1.6106757985058866 1.7817513026268261 0.98387270160717677 0.40484543883215135 1.5606461709208099 0.027811807773157646 0.92259726396627573 1.90532718231892
decision_type=2 2 2 2 2 2 2 2 2 2
left_child=1 2 6 8 5 -5 7 -1 -3 -6
right_child=-2 3 -4 4 9 -7 -8 -9 -10 -11
leaf_value=-0.0075166341941803692 0.0037439023998255532 0.009507094845175746 -0.012055103247985244 0.0045218509912956515 0.0021675740264981871 -0.012212395295500755 0.006518872827291489 5.9701928698066281e-07 0.0020804732505764279 0.00060412395056725179
leaf_weight=4.9999999999999991 5.9999999999999991 4.9999999999999982 7.9999999999999991 4.9999999999999982 15.999999999999998 6 4.9999999999999991 383 7 54
leaf_count=5 6 5 8 5 16 6 5 383 7 54
internal_value=-2.42289e-11 -4.54725e-05 -0.000252372 0.00084664 0.000205417 -0.00460592 -1.21123e-05 -9.62745e-05 0.0051749 0.000961484
internal_weight=500 494 401 93 81 11 393 388 12 70
internal_count=500 494 401 93 81 11 393 388 12 70
is_linear=0
shrinkage=0.05


Tree=108
num_leaves=9
num_cat=0
split_feature=0 0 3 3 1 3 2 2
split_gain=0.0341361 0.0591545 0.0338398 0.152579 0.0527135 0.0643491 0.048057 0.0113303
threshold=0.023997403924644427 0.027811807773157646 0.92666006636939968 0.91931912444600805 24234820.941703778 0.9390680710365481 0.42585241740730273 1.8792814493059768
decision_type=2 2 2 2 2 2 2 2
left_child=7 -2 3 6 -4 -6 -3 -1
right_child=1 2 4 -5 5 -7 -8 -9
leaf_value=0.0043425181321799754 -0.0040860277083184992 -0.0016123943337489192 -0.0057465661006669208 0.008044912293553353 -0.0044528229278512277 0.00078373050571165295 0.00018628130559092621 0.0013739352529632421
leaf_weight=4.9999999999999991 8.9999999999999982 41 5.9999999999999991 5.9999999999999991 8.0000000000000018 22 394 8.9999999999999982
leaf_count=5 9 41 6 6 8 22 394 9
internal_value=-1.9716e-11 -7.01194e-05 5.65248e-06 0.000125978 -0.00146833 -0.000612684 1.6751e-05 0.00243414
internal_weight=500 486 477 441 36 30 435 14
internal_count=500 486 477 441 36 30 435 14
is_linear=0
shrinkage=0.05


Tree=109
num_leaves=20
num_cat=0
split_feature=2 1 2 1 0 1 3 3 2 2 5 1 0 4 1 1 1 1 2
split_gain=0.0322212 0.0471181 0.193331 0.227709 0.276651 0.232004 0.0948943 0.341518 0.229224 0.50543 0.179636 0.163184 0.160755 0.0263816 0.0205334 0.00277093 0.00070114 0.000642493 0.000162272
threshold=2.2866980564689405 14116205.196583694 1.067172840321881 10323177.889918994 0.079403676245398958 5712370.748544177 0.64309623832256835 0.67224623225293922 0.96868959201703564 1.005482484789932 0.93097447297900671 19924096.244567301 0.16437197747539559 1.8890181153809118 3192309.5142536047 10502512.145883473 -2597016.7948869793 13607331.324312082 2.7655850735971756
decision_type=2 2 2 2 2 2 2 2 2 2 2 2 2 2 2 2 2 2 2
left_child=1 2 -1 5 -5 -4 8 12 11 -10 -9 -3 -8 14 -2 16 -15 -17 -18
right_child=13 6 3 4 -6 -7 7 10 9 -11 -12 -13 -14 15 -16 17 18 -19 -20
leaf_value=-0.010754970014095307 0.0011727790707179036 0.0068989497423171996 -0.0015172013145920279 -0.00034649739640631839 -0.011582569571004973 0.0052893779273810136 -0.0099445115774869901 -6.4514496598462289e-05 0.018546871989965439 0.0019672845834161549 0.0095105290412902839 -0.0027575469495994707 -0.00093617604579776525 0.00077509015100076797 0.0053093421272933476 0.0016511542955413466 0.00034496104490244734 0.00088372207246720778 6.2671541672898454e-05
leaf_weight=4.9999999999999991 5.9999999999999982 4.9999999999999991 31 14.000000000000002 8.9999999999999982 21 13.000000000000002 241 4.9999999999999991 57 4.9999999999999991 35 7.9999999999999991 5.9999999999999991 6 4.9999999999999982 8.0000000000000053 6 13.999999999999998
leaf_count=5 6 5 31 14 9 21 13 241 5 57 5 35 8 6 6 5 8 6 14
internal_value=-5.50936e-12 -0.000135275 -0.00123532 -0.000600672 -0.00474322 0.00123161 0.000103216 -0.000392372 0.00140049 0.00330435 0.0001301 -0.00155048 -0.00651276 0.00119095 0.00324106 0.000560147 0.000295987 0.00123255 0.000165322
internal_weight=500 449 80 75 23 52 369 267 102 62 246 40 21 51 12 39 28 11 22
internal_count=500 449 80 75 23 52 369 267 102 62 246 40 21 51 12 39 28 11 22
is_linear=0
shrinkage=0.05


Tree=110
num_leaves=9
num_cat=0
split_feature=0 0 2 2 2 3 1 1
split_gain=0.0310821 0.124655 0.0421019 0.0480801 0.0994065 0.0837503 0.0264987 0.00207582
threshold=0.21626476984671419 0.21134354788729451 0.33457010229389 0.38322672097508065 0.42585241740730273 0.72506778719467768 24572249.021640584 45366399.603806615
decision_type=2 2 2 2 2 2 2 2
left_child=1 2 7 5 -5 -4 -2 -1
right_child=6 -3 3 4 -6 -7 -8 -9
leaf_value=-0.0039581944653764379 0.00026610475033521657 0.0072242947916189839 0.0081156140565872194 -0.0036863674694258305 0.00010440843990654025 -0.000133455207105726 -0.0044997335278562133 -0.0025174233375582842
leaf_weight=4.9999999999999982 4.9999999999999982 5.9999999999999991 4.9999999999999991 18 441 7.9999999999999991 7 5
leaf_count=5 5 6 5 18 441 8 7 5
internal_value=9.93386e-12 6.18189e-05 -2.73406e-05 4.06778e-05 -4.42494e-05 0.00303926 -0.00251397 -0.00323781
internal_weight=500 488 482 472 459 13 12 10
internal_count=500 488 482 472 459 13 12 10
is_linear=0
shrinkage=0.05


Tree=111
num_leaves=15
num_cat=0
split_feature=3 3 3 1 0 0 3 0 3 0 0 2 1 2
split_gain=0.0301174 0.138032 0.0500179 0.0611247 0.052927 0.0461727 0.316039 0.363146 0.118242 0.0915821 0.212429 0.126871 0.043664 0.0381888
threshold=0.92666006636939968 0.91931912444600805 0.95275346260874871 67283516.175276861 0.14217993263643372 0.20448175866875426 0.78860203189768197 0.20777350475420006 0.63672259678646526 0.18824753306410083 0.18537178563377474 1.0120822564198713 34684127.458530657 0.80713155513830392
decision_type=2 2 2 2 2 2 2 2 2 2 2 2 2 2
left_child=1 5 4 13 -2 9 8 -8 -7 10 -1 -11 -6 -4
right_child=2 -3 3 -5 12 6 7 -9 -10 11 -12 -13 -14 -15
leaf_value=-8.3980631562916608e-05 -0.0066556401018585442 0.007642654205362003 0.00013512281002476804 -0.0042276100441813475 -0.0045448918454349049 -0.0088718999922275492 0.016827367121974628 0.00094705083303981352 -0.0001249178750988315 -0.00045150126771707273 0.0093969376757740974 -0.0074093243113020433 0.001781666923003892 0.0057054374366998679
leaf_weight=386 7.0000000000000027 5.9999999999999991 8.0000000000000018 4.9999999999999991 4.9999999999999982 5.0000000000000027 5.9999999999999991 8.9999999999999982 17 19.000000000000004 5.9999999999999991 9.9999999999999982 6 4.9999999999999991
leaf_count=386 7 6 8 5 5 5 6 9 17 19 6 10 6 5
internal_value=-4.52819e-12 0.00010809 -0.00139316 0.000470562 -0.00325689 9.38404e-06 0.00170283 0.00729918 -0.00211287 -0.000139446 6.11355e-05 -0.00285075 -0.00109404 0.00227755
internal_weight=500 464 36 18 18 458 37 15 22 421 392 29 11 13
internal_count=500 464 36 18 18 458 37 15 22 421 392 29 11 13
is_linear=0
shrinkage=0.05


Tree=112
num_leaves=11
num_cat=0
split_feature=0 0 2 3 3 4 0 4 4 2
split_gain=0.0293288 0.0328464 0.168912 0.0305804 0.072517 0.244637 0.0550396 0.0409493 0.0078329 0.00382754
threshold=0.021874668935624762 0.027811807773157646 1.8792814493059768 0.35867497782942442 0.43281035572577192 1.90532718231892 0.062371090452878919 1.0689004345059223 2.0375760751103269 1.5748116017521616
decision_type=2 2 2 2 2 2 2 2 2 2
left_child=8 2 -2 7 5 -5 -6 -3 -1 -9
right_child=1 3 -4 4 6 -7 -8 9 -10 -11
leaf_value=0.0040148231573402891 -0.00966001830995083 0.0056974575668573349 0.0023724966488381533 -0.012589419186115256 0.002217678366341042 0.00057433862336135166 -0.00011402629224003158 0.0019543853029608711 0.0013352419144212035 0.00039958830120189024
leaf_weight=4.9999999999999982 4.9999999999999982 5.0000000000000027 7 5.0000000000000027 27 11.999999999999998 404 5.0000000000000027 6 19
leaf_count=5 5 5 7 5 27 12 404 5 6 19
internal_value=1.14265e-11 -5.74347e-05 -0.00264105 7.56196e-06 -9.42954e-05 -0.00329735 3.20434e-05 0.00158108 0.00255323 0.000723504
internal_weight=500 489 12 477 448 17 431 29 11 24
internal_count=500 489 12 477 448 17 431 29 11 24
is_linear=0
shrinkage=0.05


Tree=113
num_leaves=16
num_cat=0
split_feature=0 2 3 2 0 0 3 3 2 2 3 0 2 1 1
split_gain=0.028668 0.139457 0.297702 0.268698 0.239284 0.266207 0.101254 0.196314 0.213101 0.402007 0.130603 0.258654 0.19384 0.0242874 0.00980206
threshold=0.17064622458079406 1.1355531279885953 0.81552110293474966 1.057873705796768 0.18537178563377474 0.18824753306410083 0.96751505213011391 0.91231536265097446 0.9140743167845925 0.57444861907110256 0.79469773874306471 0.16111829459168223 0.48522677480393667 54518487.037022479 36816945.92174571
decision_type=2 2 2 2 2 2 2 2 2 2 2 2 2 2 2
left_child=6 3 -3 4 13 -6 7 10 9 -9 11 -1 -12 -2 -5
right_child=1 2 -4 14 5 -7 -8 8 -10 -11 12 -13 -14 -15 -16
leaf_value=0.00017275242071853851 -0.0059824170877358735 0.013570041991770272 -0.0036840120749548075 -0.0074655331671237965 0.01221965454518795 0.00024040996322582942 -0.0062388929227987925 -0.0012155498533199223 -0.0021167186621044365 0.015905482287053019 0.0019193911755505007 0.0083501882944256069 -0.0042937032614104647 -0.0028428442818536001 -0.01059635743498802
leaf_weight=293 14.000000000000002 4.9999999999999982 5 4.9999999999999982 4.9999999999999991 64 5.9999999999999991 6.0000000000000027 6.9999999999999991 7.9999999999999991 19 9.9999999999999982 37 10.999999999999998 5
leaf_count=293 14 5 5 5 5 64 6 6 7 8 19 10 37 11 5
internal_value=1.10005e-11 -0.000696666 0.00494301 -0.00123894 -0.000410007 0.00110847 0.000205751 0.000307509 0.00500636 0.0085679 3.26456e-05 0.000442635 -0.00218569 -0.00460101 -0.00903095
internal_weight=500 114 10 104 94 69 386 380 21 14 359 303 56 25 10
internal_count=500 114 10 104 94 69 386 380 21 14 359 303 56 25 10
is_linear=0
shrinkage=0.05


Tree=114
num_leaves=13
num_cat=0
split_feature=0 0 2 1 1 1 0 2 0 3 3 1
split_gain=0.0287144 0.0441111 0.244178 0.273671 0.217277 0.19628 0.0882894 0.173768 0.264908 0.0910829 0.160197 0.0686604
threshold=0.2215848145073202 0.20448175866875426 0.8897073149864767 51893976.034065269 31322720.10163353 53427532.537140965 0.17573872389883527 0.82259150467344411 0.18537178563377474 0.96751505213011391 0.91231536265097446 48980423.254875787
decision_type=2 2 2 2 2 2 2 2 2 2 2 2
left_child=1 6 4 -4 -3 -6 9 8 -8 10 -1 -9
right_child=-2 2 3 -5 5 -7 7 11 -10 -11 -12 -13
leaf_value=3.2406700386844036e-05 -0.0034381309989839795 -0.0071087185086475451 0.016638363599777228 9.5347166061401359e-05 0.00819742067251354 -0.0025663831581672035 -0.0046788785174222925 -0.0068652926711365572 0.0042887519649229952 -0.0059269481571391225 0.0044250612422315917 -0.0019732454254363595
leaf_weight=367 5.9999999999999991 9.0000000000000018 4.9999999999999982 5 8.0000000000000018 8.9999999999999982 13.999999999999998 16.000000000000004 20 5.9999999999999991 22 12.999999999999998
leaf_count=367 6 9 5 5 8 9 14 16 20 6 22 13
internal_value=4.85597e-12 4.17587e-05 0.001727 0.00836686 -0.00082679 0.00249894 -9.07057e-05 -0.00182899 0.000596198 0.000186539 0.000280834 -0.00467231
internal_weight=500 494 36 10 26 17 458 63 34 395 389 29
internal_count=500 494 36 10 26 17 458 63 34 395 389 29
is_linear=0
shrinkage=0.05


Tree=115
num_leaves=9
num_cat=0
split_feature=0 0 2 0 3 3 3 1
split_gain=0.0296665 0.115317 0.0404337 0.0398578 0.156478 0.0844927 0.0204269 0.00173675
threshold=0.21626476984671419 0.21134354788729451 0.33457010229389 0.17573872389883527 0.78860203189768197 0.96751505213011391 0.7854043307124331 45366399.603806615
decision_type=2 2 2 2 2 2 2 2
left_child=1 2 7 5 -5 -4 -2 -1
right_child=6 -3 3 4 -6 -7 -8 -9
leaf_value=-0.0038305078982375572 -0.0045189612545073043 0.0069493774324655535 0.00034934177288731039 -0.003441946997190826 0.00089972692408732012 -0.0056306008171911042 -0.00039314016078909237 -0.0025126516912132497
leaf_weight=4.9999999999999982 5.9999999999999982 5.9999999999999991 381 36 49 5.9999999999999991 6 5
leaf_count=5 6 6 381 36 49 6 6 5
internal_value=-7.79182e-12 6.03947e-05 -2.53603e-05 4.12969e-05 -0.0009391 0.000256629 -0.00245605 -0.00317158
internal_weight=500 488 482 472 85 387 12 10
internal_count=500 488 482 472 85 387 12 10
is_linear=0
shrinkage=0.05


Tree=116
num_leaves=18
num_cat=0
split_feature=1 1 2 2 3 3 3 0 3 1 3 2 0 2 3 1 0
split_gain=0.0285281 0.120775 0.445864 0.580941 0.131753 0.250416 0.138514 0.27226 0.112493 0.0941406 0.0913094 0.114752 0.0731702 0.0540792 0.0297359 0.00927299 0.00300981
threshold=71741223.639172241 62861917.677182458 0.59019138135732629 0.46770740822272289 0.84704804513470588 0.83804667138679012 0.91931912444600805 0.16437197747539559 0.70919554002528462 64505629.807619773 0.69089484901759801 0.66769136443278354 0.20714345300783477 0.55099220571586482 0.73374170893331259 74772583.419088602 0.13283631430448525
decision_type=2 2 2 2 2 2 2 2 2 2 2 2 2 2 2 2 2
left_child=1 4 3 -3 5 12 13 -8 -4 -10 11 -2 -1 -6 -12 -16 -17
right_child=10 2 8 -5 6 -7 7 -9 9 -11 14 -13 -14 -15 15 16 -18
leaf_value=-0.00010156698238469397 -0.0016933667074356764 0.0011345494072884323 -0.0064623224149857224 0.021716164176662764 -0.0019747319367105286 0.01134239424020052 0.0053010936892990551 -0.0042465978345717307 0.0068452662974595978 -0.0010147462395252661 -0.005869966559112069 0.0082242403179407109 0.0030896176093895187 -0.0061171656101942067 -0.0034661755065566709 -0.0020990752980911296 -0.00074726804159581668
leaf_weight=329 6.9999999999999982 7.9999999999999982 7.0000000000000027 6 12.999999999999998 4.9999999999999991 14.000000000000002 15.999999999999998 5.0000000000000027 15.999999999999998 6.0000000000000027 5 19 20 7.0000000000000027 7.0000000000000027 9.9999999999999982
leaf_count=329 7 8 7 6 13 5 14 16 5 16 6 5 19 20 7 7 10
internal_value=3.58705e-12 0.00011437 0.0026697 0.00995524 -0.00014362 0.000232292 -0.00224992 0.000208992 -0.000973067 0.000856685 -0.00124718 0.00243897 7.26644e-05 -0.0044853 -0.00272164 -0.00193456 -0.00130389
internal_weight=500 458 42 14 416 353 63 30 28 21 42 12 348 33 30 24 17
internal_count=500 458 42 14 416 353 63 30 28 21 42 12 348 33 30 24 17
is_linear=0
shrinkage=0.05


Tree=117
num_leaves=9
num_cat=0
split_feature=0 0 2 2 2 3 3 0
split_gain=0.027868 0.100247 0.0370163 0.0397298 0.0937489 0.0744087 0.0205091 0.00181045
threshold=0.21626476984671419 0.21134354788729451 0.33457010229389 0.38322672097508065 0.42585241740730273 0.72506778719467768 0.7854043307124331 0.14526704230191448
decision_type=2 2 2 2 2 2 2 2
left_child=1 2 7 5 -5 -4 -2 -1
right_child=6 -3 3 4 -6 -7 -8 -9
leaf_value=-0.0037045158853288747 -0.004447493997092049 0.0064816306034723922 0.007553012967109681 -0.0035718005849048498 0.00010952274293693277 -0.00022240053513087333 -0.00031338228533665336 -0.002358985157916322
leaf_weight=4.9999999999999982 5.9999999999999982 5.9999999999999991 4.9999999999999991 18 441 7.9999999999999991 6 5
leaf_count=5 6 6 5 18 441 8 6 5
internal_value=7.42875e-13 5.85354e-05 -2.14202e-05 4.2358e-05 -3.48429e-05 0.00276814 -0.00238044 -0.00303175
internal_weight=500 488 482 472 459 13 12 10
internal_count=500 488 482 472 459 13 12 10
is_linear=0
shrinkage=0.05


Tree=118
num_leaves=14
num_cat=0
split_feature=5 2 1 2 1 1 1 2 4 1 1 1 1
split_gain=0.0276066 0.0276224 0.0513195 0.164289 0.197587 0.083865 0.166058 0.0577286 0.0231356 0.0201889 0.00250881 0.000647535 0.000515827
threshold=1.0695269801768734 2.2866980564689405 14116205.196583694 1.1690469020617735 10323177.889918994 16356764.254965721 16868456.63695135 1.3213752638330132 1.8890181153809118 3192309.5142536047 10502512.145883473 -2597016.7948869793 13607331.324312082
decision_type=2 2 2 2 2 2 2 2 2 2 2 2 2
left_child=1 2 3 -1 -5 7 -7 -4 9 -3 11 -10 -12
right_child=-2 8 5 4 -6 6 -8 -9 10 -11 12 -13 -14
leaf_value=-0.010115910172462465 0.0033711612185773755 0.0009299762644028914 0.0066383158555254358 0.0011238521599072093 -0.0045318369136151419 -0.0083275653809929892 6.2152153378894679e-05 0.00042079828812607693 0.00067933133808158652 0.0050316940527409312 0.00148515097796917 9.3336798619764682e-05 0.00079751630934576196
leaf_weight=4.9999999999999991 5.9999999999999991 5.9999999999999982 7.9999999999999982 47 23 5.9999999999999991 347 7 5.9999999999999991 6 4.9999999999999982 22.000000000000004 6
leaf_count=5 6 6 8 47 23 6 347 7 6 6 5 22 6
internal_value=2.19923e-11 -4.09453e-05 -0.000167804 -0.00135988 -0.000734446 7.51454e-05 -8.04493e-05 0.00373681 0.00106099 0.00298084 0.000470263 0.000218907 0.00111008
internal_weight=500 494 443 75 70 368 353 15 51 12 39 28 11
internal_count=500 494 443 75 70 368 353 15 51 12 39 28 11
is_linear=0
shrinkage=0.05


Tree=119
num_leaves=15
num_cat=0
split_feature=3 3 3 0 1 2 2 3 2 2 3 3 2 0
split_gain=0.0266367 0.119655 0.0535281 0.0600379 0.0536299 0.0389602 0.100834 0.220571 0.115082 0.0867968 0.144467 0.034698 0.0272111 0.0204061
threshold=0.92666006636939968 0.91931912444600805 0.95275346260874871 0.14217993263643372 67283516.175276861 0.42585241740730273 0.48522677480393667 0.79550695919371195 0.52199120188968717 0.36903026700805669 0.75138166691801145 0.93521149499642442 0.80713155513830392 0.19474735625807132
decision_type=2 2 2 2 2 2 2 2 2 2 2 2 2 2
left_child=1 5 3 -2 12 9 7 -7 -8 10 -1 -5 -4 -11
right_child=2 -3 4 11 -6 6 8 -9 -10 13 -12 -13 -14 -15
leaf_value=0.0067230154361043633 -0.0068580772860773942 0.0071167429288228352 0.00050194176437798864 -0.0040108522307127723 -0.0037828975834418091 -0.00092208209232642077 -0.0059692305512726307 0.0089551842212677018 8.9518615028668936e-05 -0.0027730413082548799 -0.0023153708757793841 0.0016288697137497362 0.0052039641886949539 -0.0064067614451050765
leaf_weight=7.0000000000000027 7.0000000000000027 5.9999999999999991 8.0000000000000018 4.9999999999999982 4.9999999999999991 13.000000000000002 7.9999999999999991 9.9999999999999982 386 17.000000000000004 11.999999999999998 6 4.9999999999999991 4.9999999999999991
leaf_count=7 7 6 8 5 5 13 8 10 386 17 12 6 5 5
internal_value=9.84292e-12 0.000101652 -0.00131019 -0.0032382 0.000617826 9.75167e-06 0.000154353 0.00337238 -3.35017e-05 -0.00146095 0.00101456 -0.00093464 0.00231041 -0.00359889
internal_weight=500 464 36 18 18 458 417 23 394 41 19 11 13 22
internal_count=500 464 36 18 18 458 417 23 394 41 19 11 13 22
is_linear=0
shrinkage=0.05


Tree=120
num_leaves=18
num_cat=0
split_feature=1 1 2 2 3 3 3 0 2 2 3 2 0 0 3 1 3
split_gain=0.0255887 0.109218 0.406328 0.523205 0.120272 0.227977 0.123387 0.244112 0.10698 0.205742 0.0762204 0.108032 0.0678852 0.0537201 0.0274729 0.00856327 0.0033518
threshold=71741223.639172241 62861917.677182458 0.59019138135732629 0.46770740822272289 0.84704804513470588 0.83804667138679012 0.91931912444600805 0.16437197747539559 1.0563655996945427 0.78078515184979103 0.69089484901759801 0.66769136443278354 0.20714345300783477 0.20448175866875426 0.73374170893331259 74772583.419088602 0.83804667138679012
decision_type=2 2 2 2 2 2 2 2 2 2 2 2 2 2 2 2 2
left_child=1 4 3 -3 5 12 13 -8 9 -4 11 -2 -1 -6 -12 -16 -17
right_child=10 2 8 -5 6 -7 7 -9 -10 -11 14 -13 -14 -15 15 16 -18
leaf_value=-9.7988298224564087e-05 -0.0018228578913424701 0.0011224422836676243 -0.0051364460339148807 0.020654559632142383 -0.0051117289512019074 0.010822802372276783 0.004993007105908223 -0.0040476703253261807 -0.0068572246779998146 0.0046979940854586094 -0.0055544771254062621 0.0077999686822295177 0.0029757887051489792 0.00051468119025230416 -0.0032436140962610275 -0.0021163435420021403 -0.00064720815584719694
leaf_weight=329 6.9999999999999982 7.9999999999999982 9.0000000000000053 6 28 4.9999999999999991 14.000000000000002 15.999999999999998 5.9999999999999991 12.999999999999998 6.0000000000000027 5 19 4.9999999999999991 7.0000000000000027 6.0000000000000027 10.999999999999998
leaf_count=329 7 8 9 6 28 5 14 16 6 13 6 5 19 5 7 6 11
internal_value=-1.36497e-12 0.000108318 0.00253832 0.00949335 -0.000137019 0.000222141 -0.00214945 0.000171312 -0.000939194 0.000674814 -0.00118118 0.00218665 6.98329e-05 -0.00425924 -0.00252832 -0.00177178 -0.00116573
internal_weight=500 458 42 14 416 353 63 30 28 22 42 12 348 33 30 24 17
internal_count=500 458 42 14 416 353 63 30 28 22 42 12 348 33 30 24 17
is_linear=0
shrinkage=0.05


Tree=121
num_leaves=9
num_cat=0
split_feature=0 0 2 2 2 3 3 0
split_gain=0.0256913 0.0882286 0.0321536 0.0331804 0.0748916 0.0609806 0.0198902 0.00168233
threshold=0.21626476984671419 0.21134354788729451 0.33457010229389 0.38322672097508065 0.42585241740730273 0.72506778719467768 0.79469773874306471 0.14526704230191448
decision_type=2 2 2 2 2 2 2 2
left_child=1 2 7 5 -5 -4 -2 -1
right_child=6 -3 3 4 -6 -7 -8 -9
leaf_value=-0.0034729741932824259 -0.0040060067017163555 0.0060819742580254877 0.0068632966279983526 -0.0031911985948681835 9.9115488486356049e-05 -0.00017564616864547135 0.00012300681322813034 -0.0021759262774139641
leaf_weight=4.9999999999999982 6.9999999999999982 5.9999999999999991 4.9999999999999991 18 441 7.9999999999999991 5 5
leaf_count=5 7 6 5 18 441 8 5 5
internal_value=-2.91038e-13 5.62029e-05 -1.88067e-05 4.06349e-05 -2.99164e-05 0.00253164 -0.00228558 -0.00282445
internal_weight=500 488 482 472 459 13 12 10
internal_count=500 488 482 472 459 13 12 10
is_linear=0
shrinkage=0.05


Tree=122
num_leaves=15
num_cat=0
split_feature=3 3 1 1 0 2 0 3 0 3 0 0 2 1
split_gain=0.0256289 0.106124 0.047964 0.0556766 0.203394 0.0668101 0.0339419 0.26496 0.309287 0.106088 0.0671117 0.161328 0.105046 0.0157411
threshold=0.92666006636939968 0.91931912444600805 24234820.941703778 36335723.824365377 0.18238736537274294 0.51711561914564752 0.20448175866875426 0.78860203189768197 0.20777350475420006 0.63672259678646526 0.18824753306410083 0.18537178563377474 0.71557417221423714 71741223.639172241
decision_type=2 2 2 2 2 2 2 2 2 2 2 2 2 2
left_child=1 6 -2 4 -4 -5 10 9 -9 -8 11 -1 -12 -7
right_child=2 -3 3 5 -6 13 7 8 -10 -11 12 -13 -14 -15
leaf_value=-6.9200105456499044e-05 -0.0053661131525586832 0.0067062693337599441 0.0097080525755882212 0.0030132965836673956 -0.0045535592408850779 -0.0048058575438335548 -0.0084309083968400894 0.015382556741436324 0.00072709722444415099 -0.00014566491796251608 0.0014140386049720371 0.0081930677096048992 -0.0047878767156766524 -0.0013698977464810015
leaf_weight=386 5.9999999999999991 5.9999999999999991 5.0000000000000018 5.0000000000000027 5 9.9999999999999982 5.0000000000000027 5.9999999999999991 8.9999999999999982 17 11.000000000000002 5.9999999999999991 18 4.9999999999999991
leaf_count=386 6 6 5 5 5 10 5 6 9 17 11 6 18 5
internal_value=3.42261e-12 9.97108e-05 -0.00128516 -0.00046897 0.00257725 -0.00199208 1.3162e-05 0.00146509 0.00658928 -0.00202867 -0.000114442 5.72632e-05 -0.00243543 -0.00366054
internal_weight=500 464 36 30 10 20 458 37 15 22 421 392 29 15
internal_count=500 464 36 30 10 20 458 37 15 22 421 392 29 15
is_linear=0
shrinkage=0.05


Tree=123
num_leaves=11
num_cat=0
split_feature=0 0 0 2 4 4 0 3 0 2
split_gain=0.0249171 0.0525411 0.0256659 0.074785 0.156487 0.094991 0.0413036 0.330009 0.176307 0.0100108
threshold=0.023997403924644427 0.027811807773157646 0.062371090452878919 1.4363351390830241 0.98387270160717677 1.0742116593499185 0.087877069178137548 0.67502194440560037 0.090363591868222112 1.8792814493059768
decision_type=2 2 2 2 2 2 2 2 2 2
left_child=9 -2 3 5 -5 -3 7 -4 -8 -1
right_child=1 2 6 4 -6 -7 8 -9 -10 -11
leaf_value=0.0038734488096088173 -0.0038446760839886138 0.0083027266498122906 0.00047564285366541686 -0.008332429081201553 0.0011790950823524328 6.5574176343423973e-05 0.0070522127569549627 -0.0067428480740636598 -4.3369636889416556e-05 0.0010830753237112531
leaf_weight=4.9999999999999991 8.9999999999999982 6.9999999999999982 76 4.9999999999999991 32 7 8.9999999999999982 20 321 8.9999999999999982
leaf_count=5 9 7 76 5 32 7 9 20 321 9
internal_value=-6.0274e-12 -5.99073e-05 1.15035e-05 0.00107151 -0.000106246 0.00418415 -0.000115399 -0.00102821 0.000150146 0.00207964
internal_weight=500 486 477 51 37 14 426 96 330 14
internal_count=500 486 477 51 37 14 426 96 330 14
is_linear=0
shrinkage=0.05


Tree=124
num_leaves=8
num_cat=0
split_feature=5 5 0 0 0 3 4
split_gain=0.0235788 0.0250474 0.0334968 0.118649 0.025588 0.0175254 0.00547076
threshold=1.0695269801768734 1.0532324542647509 0.025086095528127121 0.027811807773157646 0.062371090452878919 0.43698609507308694 2.7909577094230311
decision_type=2 2 2 2 2 2 2
left_child=1 2 5 -4 -5 6 -1
right_child=-2 -3 3 4 -6 -7 -8
leaf_value=0.0021392715442925697 0.0031155448872596026 -0.0032487082295119766 -0.0077359816804528237 0.0010883810913694515 -0.0001193233811267001 0.0043879176684034375 -0.00019969480112195013
leaf_weight=4.9999999999999982 5.9999999999999991 5.9999999999999991 4.9999999999999991 49 418 5.9999999999999991 5
leaf_count=5 6 6 5 49 418 6 5
internal_value=2.87328e-12 -3.78406e-05 1.63726e-06 -7.46322e-05 7.39508e-06 0.00225159 0.000969788
internal_weight=500 494 488 472 467 16 10
internal_count=500 494 488 472 467 16 10
is_linear=0
shrinkage=0.05


Tree=125
num_leaves=18
num_cat=0
split_feature=1 1 2 2 3 3 3 0 2 2 3 2 0 2 3 1 3
split_gain=0.0230552 0.102032 0.359963 0.46975 0.107953 0.205622 0.114509 0.212775 0.0977406 0.188837 0.0670932 0.0976728 0.060101 0.0496551 0.0239634 0.00751727 0.00317294
threshold=71741223.639172241 62861917.677182458 0.59019138135732629 0.46770740822272289 0.84704804513470588 0.83804667138679012 0.91931912444600805 0.16437197747539559 1.0563655996945427 0.78078515184979103 0.69089484901759801 0.66769136443278354 0.20714345300783477 0.55099220571586482 0.73374170893331259 74772583.419088602 0.83804667138679012
decision_type=2 2 2 2 2 2 2 2 2 2 2 2 2 2 2 2 2
left_child=1 4 3 -3 5 12 13 -8 9 -4 11 -2 -1 -6 -12 -16 -17
right_child=10 2 8 -5 6 -7 7 -9 -10 -11 14 -13 -14 -15 15 16 -18
leaf_value=-9.6596937225725964e-05 -0.0017738538395081251 0.0010659481398761275 -0.0048462451332145235 0.019573403398195899 -0.0016676899117345993 0.010273468866944314 0.0046963982284069054 -0.0037440719279402401 -0.006478300023203095 0.0045755064258208638 -0.0052113586881508403 0.0073759826645255072 0.0027955852694025165 -0.0056370659824460751 -0.0030575419593203267 -0.0020355980959720901 -0.00060619883323934955
leaf_weight=329 6.9999999999999982 7.9999999999999982 9.0000000000000053 6 12.999999999999998 4.9999999999999991 14.000000000000002 15.999999999999998 5.9999999999999991 12.999999999999998 6.0000000000000027 5 19 20 7.0000000000000027 6.0000000000000027 10.999999999999998
leaf_count=329 7 8 9 6 13 5 14 16 6 13 6 5 19 20 7 6 11
internal_value=1.10429e-11 0.000102816 0.00245151 0.00899771 -0.000134312 0.000205958 -0.0020409 0.000194814 -0.000821587 0.000721154 -0.00112119 0.00203858 6.13096e-05 -0.00407337 -0.00238509 -0.00167852 -0.00111069
internal_weight=500 458 42 14 416 353 63 30 28 22 42 12 348 33 30 24 17
internal_count=500 458 42 14 416 353 63 30 28 22 42 12 348 33 30 24 17
is_linear=0
shrinkage=0.05


Tree=126
num_leaves=15
num_cat=0
split_feature=3 3 1 1 0 0 0 0 0 2 3 3 4 2
split_gain=0.0236654 0.0944718 0.0436486 0.0514839 0.174424 0.0649675 0.0318156 0.269479 0.212749 0.31353 0.164455 0.133355 0.108631 0.0266425
threshold=0.92666006636939968 0.91931912444600805 24234820.941703778 36335723.824365377 0.18238736537274294 0.18358731040034451 0.10406258932869002 0.096962406597327036 0.11226898139529641 1.5204555300595248 0.71592583388624653 0.88489741613871675 1.016267675541902 0.56547176557247403
decision_type=2 2 2 2 2 2 2 2 2 2 2 2 2 2
left_child=1 6 -2 4 -4 13 7 11 9 -8 -9 -1 -10 -5
right_child=2 -3 3 5 -6 -7 8 10 12 -11 -12 -13 -14 -15
leaf_value=-0.00036640621271931872 -0.0051279893300185606 0.0063291334236661601 0.0090764079242944672 -0.0067129361070692494 -0.0041305431211367243 0.0024320507829543206 -0.0010019643053722875 0.0081108531784540149 -8.7176294980954438e-05 -0.013817190299076694 -0.0005826388485729695 0.0078996586287394168 0.0073747250065207479 -0.0021607996611338522
leaf_weight=202 5.9999999999999991 5.9999999999999991 5.0000000000000018 5.0000000000000027 5 5.9999999999999991 15.000000000000002 17.000000000000004 199 6.9999999999999991 7.9999999999999991 4.9999999999999991 4.9999999999999991 8.9999999999999982
leaf_count=202 6 6 5 5 5 6 15 17 199 7 8 5 5 9
internal_value=-1.42667e-11 9.5815e-05 -0.00123495 -0.000456342 0.00247293 -0.00192098 1.41558e-05 0.000425464 -0.000408072 -0.00507954 0.00532894 -0.000166743 9.57134e-05 -0.00378656
internal_weight=500 464 36 30 10 20 458 232 226 22 25 207 204 14
internal_count=500 464 36 30 10 20 458 232 226 22 25 207 204 14
is_linear=0
shrinkage=0.05


Tree=127
num_leaves=17
num_cat=0
split_feature=2 2 3 3 0 2 0 0 0 1 3 3 3 3 3 1
split_gain=0.0224891 0.283366 0.550505 0.592221 0.150478 0.113304 0.104958 0.102822 0.203312 0.104855 0.0971938 0.0866393 0.266249 0.158901 0.0765566 0.00838188
threshold=0.74576630281347189 0.80713155513830392 0.82969303135799022 0.67224623225293922 0.08751839073078764 0.85016531402288176 0.093834386523166974 0.1316852352296759 0.14043796210351381 70093894.429245129 0.73014907051824551 0.79550695919371195 0.76770586805346019 0.84519163394634222 0.85589645419895122 54202888.031144448
decision_type=2 2 2 2 2 2 2 2 2 2 2 2 2 2 2 2
left_child=4 2 3 -2 -1 14 10 9 -9 -8 -6 12 -7 -13 15 -3
right_child=1 5 -4 -5 6 11 7 8 -10 -11 -12 13 -14 -15 -16 -17
leaf_value=-0.0071714664169121537 0.00060224741697311379 -0.0083274384029209635 -0.004625559099284666 0.023901801556348801 -0.00050918534398078927 8.6629132913994386e-05 -0.0043416969565441832 0.0079545947723090645 -0.00035204556570338306 0.0014196124689822849 0.0081631552694099285 -0.0065799109064615703 0.0074288072207799333 -8.0550383255981347e-05 0.00069756370037794119 -0.0054322905093431469
leaf_weight=7.9999999999999991 5.0000000000000018 4.9999999999999982 6.9999999999999991 6 5.9999999999999982 246 28 7.9999999999999991 93 10.999999999999998 7 12.999999999999998 12.999999999999998 34 4.9999999999999991 5
leaf_count=8 5 5 7 6 6 246 28 8 93 11 7 13 13 34 5 5
internal_value=-2.29775e-12 0.000231091 0.00633573 0.0133111 -0.000486584 -0.000111225 -0.000137048 -0.000536109 0.000305906 -0.00271671 0.00416054 9.67572e-05 0.000455155 -0.00187825 -0.00435406 -0.00687986
internal_weight=500 339 18 11 161 321 153 140 101 39 13 306 259 47 15 10
internal_count=500 339 18 11 161 321 153 140 101 39 13 306 259 47 15 10
is_linear=0
shrinkage=0.05


Tree=128
num_leaves=9
num_cat=0
split_feature=0 0 2 3 3 2 3 1
split_gain=0.0228995 0.0748027 0.0293092 0.0314315 0.502631 0.170455 0.0207232 0.00173352
threshold=0.21626476984671419 0.21134354788729451 0.33457010229389 0.69696795425881686 0.70919554002528462 0.94355427536571179 0.79469773874306471 45366399.603806615
decision_type=2 2 2 2 2 2 2 2
left_child=1 2 7 5 -5 -4 -2 -1
right_child=6 -3 3 4 -6 -7 -8 -9
leaf_value=-0.0033529930375516426 -0.0039139040878840865 0.0056014462063709893 -0.0026127134299566671 0.012796200532466174 4.9235733210177088e-06 0.00037097780876917699 0.00030067812651395792 -0.0020363628282211717
leaf_weight=4.9999999999999982 6.9999999999999982 5.9999999999999991 62 7.9999999999999991 192 210 5 5
leaf_count=5 7 6 62 8 192 210 5 5
internal_value=-5.10336e-12 5.30613e-05 -1.60057e-05 4.07458e-05 0.000516575 -0.000309128 -0.00215783 -0.00269468
internal_weight=500 488 482 472 200 272 12 10
internal_count=500 488 482 472 200 272 12 10
is_linear=0
shrinkage=0.05


Tree=129
num_leaves=18
num_cat=0
split_feature=2 1 2 1 0 1 3 3 5 2 3 1 4 1 0 1 2
split_gain=0.0213793 0.0425924 0.147128 0.182721 0.230387 0.201522 0.0814916 0.314774 0.185243 0.18165 0.45301 0.116981 0.0204474 0.0184294 0.00311904 0.00122492 0.000239847
threshold=2.2866980564689405 14116205.196583694 1.067172840321881 10323177.889918994 0.079403676245398958 5712370.748544177 0.64309623832256835 0.64984156452317865 0.93097447297900671 0.96868959201703564 0.61058806963343193 19924096.244567301 1.8890181153809118 3192309.5142536047 0.033203248916742319 13408514.487327499 2.7655850735971756
decision_type=2 2 2 2 2 2 2 2 2 2 2 2 2 2 2 2 2
left_child=1 2 -1 5 -5 -4 9 -8 -9 11 -11 -3 13 -2 -14 16 -16
right_child=12 6 3 4 -6 -7 7 8 -10 10 -12 -13 14 -15 15 -17 -18
leaf_value=-0.0094606602191925054 0.00081552241463214183 0.005845756530761719 -0.0015229803436781252 -0.00030097070515954064 -0.01055459123518732 0.0048207214479546005 -0.010805581882596017 -0.0002661300079913546 0.0086225000520547233 0.00091975537210237243 0.011737678882976374 -0.0023302172177604268 0.0015807737433351577 0.0047344259452074761 0.00027021017131945954 0.00083270181369568628 -3.3083216112572704e-05
leaf_weight=4.9999999999999991 5.9999999999999982 4.9999999999999991 31 14.000000000000002 8.9999999999999982 21 6.9999999999999991 254 5.9999999999999991 50 11.999999999999998 35 4.9999999999999991 6 11.000000000000002 6.9999999999999991 15.999999999999998
leaf_count=5 6 5 31 14 9 21 7 254 6 50 12 35 5 6 11 7 16
internal_value=7.63976e-15 -0.00011019 -0.00115607 -0.000602429 -0.00431326 0.0010389 0.000116558 -0.000342701 -6.10078e-05 0.00131874 0.00301355 -0.00130822 0.000970107 0.00277497 0.000414763 0.000243291 9.04808e-05
internal_weight=500 449 80 75 23 52 369 267 260 102 62 40 51 12 39 34 27
internal_count=500 449 80 75 23 52 369 267 260 102 62 40 51 12 39 34 27
is_linear=0
shrinkage=0.05


Tree=130
num_leaves=15
num_cat=0
split_feature=3 3 3 0 1 1 0 3 0 3 0 0 2 2
split_gain=0.0205561 0.0840093 0.0403197 0.0676617 0.0484957 0.0290327 0.028292 0.236997 0.283445 0.104883 0.0574137 0.139735 0.0918528 0.0202565
threshold=0.92666006636939968 0.91931912444600805 0.95275346260874871 0.14217993263643372 67283516.175276861 34684127.458530657 0.20448175866875426 0.78860203189768197 0.20777350475420006 0.68339871213826797 0.18824753306410083 0.18537178563377474 0.71557417221423714 0.80713155513830392
decision_type=2 2 2 2 2 2 2 2 2 2 2 2 2 2
left_child=1 6 3 -2 13 -5 10 9 -9 -8 11 -1 -12 -4
right_child=2 -3 4 5 -6 -7 7 8 -10 -11 12 -13 -14 -15
leaf_value=-6.3087012292455317e-05 -0.0066671219720904288 0.0059673301254709564 0.00057153262823703675 -0.00319273297674954 -0.0036624281748663633 0.001966076903045177 0.0021827978806363206 0.014602050681908927 0.00057219399346245664 -0.00483888744090039 0.0013486706567081535 0.007626389029125373 -0.0044507221318781376 0.0046284265443682672
leaf_weight=386 7.0000000000000027 5.9999999999999991 8.0000000000000018 4.9999999999999982 4.9999999999999991 6 9.0000000000000018 5.9999999999999991 8.9999999999999982 12.999999999999998 11.000000000000002 5.9999999999999991 18 4.9999999999999991
leaf_count=386 7 6 8 5 5 6 9 6 9 13 11 6 18 5
internal_value=-6.27479e-12 8.92991e-05 -0.00115097 -0.00282428 0.000522347 -0.000378837 1.22944e-05 0.00133788 0.00618414 -0.00196638 -0.000104206 5.4609e-05 -0.00225095 0.00213188
internal_weight=500 464 36 18 18 11 458 37 15 22 421 392 29 13
internal_count=500 464 36 18 18 11 458 37 15 22 421 392 29 13
is_linear=0
shrinkage=0.05


Tree=131
num_leaves=11
num_cat=0
split_feature=0 0 1 3 3 4 0 4 4 2
split_gain=0.0195846 0.0269902 0.151789 0.0229611 0.0628735 0.203159 0.036178 0.0354384 0.00551138 0.00388077
threshold=0.021874668935624762 0.027811807773157646 4565730.6308415625 0.35867497782942442 0.43281035572577192 1.90532718231892 0.062371090452878919 1.0689004345059223 2.0375760751103269 1.5748116017521616
decision_type=2 2 2 2 2 2 2 2 2 2
left_child=8 2 -2 7 5 -5 -6 -3 -1 -9
right_child=1 3 -4 4 6 -7 -8 9 -10 -11
leaf_value=0.0033124258788302546 -0.0080123501829803007 0.0052048434317111935 0.0032344767377556608 -0.011526541002094737 0.0018133572648231942 0.00046947230245374767 -7.7062570393410525e-05 0.0018170828558504569 0.0010647376378377278 0.00025151170296962131
leaf_weight=4.9999999999999982 5.9999999999999982 5.0000000000000027 6 5.0000000000000027 27 11.999999999999998 404 5.0000000000000027 6 19
leaf_count=5 6 5 6 5 27 12 404 5 6 19
internal_value=-2.65136e-12 -4.69337e-05 -0.00238894 1.19847e-05 -7.6276e-05 -0.00305877 4.13628e-05 0.00137546 0.00208641 0.000577672
internal_weight=500 489 12 477 448 17 431 29 11 24
internal_count=500 489 12 477 448 17 431 29 11 24
is_linear=0
shrinkage=0.05


Tree=132
num_leaves=19
num_cat=0
split_feature=2 1 2 1 0 1 3 3 2 2 5 0 1 4 1 0 1 2
split_gain=0.0187666 0.0381535 0.128895 0.16389 0.203574 0.178171 0.0725688 0.29075 0.165324 0.438544 0.140169 0.13885 0.104942 0.018488 0.017319 0.00286847 0.00114854 0.000256416
threshold=2.2866980564689405 14116205.196583694 1.067172840321881 10323177.889918994 0.079403676245398958 5712370.748544177 0.64309623832256835 0.67224623225293922 0.96868959201703564 1.005482484789932 0.93097447297900671 0.16437197747539559 19924096.244567301 1.8890181153809118 3192309.5142536047 0.033203248916742319 13408514.487327499 2.7655850735971756
decision_type=2 2 2 2 2 2 2 2 2 2 2 2 2 2 2 2 2 2
left_child=1 2 -1 5 -5 -4 8 11 12 -10 -9 -8 -3 14 -2 -15 17 -17
right_child=13 6 3 4 -6 -7 7 10 9 -11 -12 -13 -14 15 -16 16 -18 -19
leaf_value=-0.0088661253452301022 0.00072560425226887086 0.0055155584216117865 -0.0014293415527302591 -0.00031774969372366151 -0.009956246034966575 0.0045355043606832629 -0.0091585884014001237 -1.1851967042369993e-05 0.017060881257057191 0.0016172254637798721 0.0084461981058120729 -0.00078645879402756697 -0.0022282829880714418 0.0014990286016836763 0.0045246183872222892 0.00025425809012217946 0.00078712950261043658 -5.9336355661798734e-05
leaf_weight=4.9999999999999991 5.9999999999999982 4.9999999999999991 31 14.000000000000002 8.9999999999999982 21 13.000000000000002 241 4.9999999999999991 57 4.9999999999999991 7.9999999999999991 35 4.9999999999999991 6 11.000000000000002 6.9999999999999991 15.999999999999998
leaf_count=5 6 5 31 14 9 21 13 241 5 57 5 8 35 5 6 11 7 16
internal_value=2.99769e-12 -0.000103238 -0.00109312 -0.000574916 -0.00408934 0.000979539 0.00011137 -0.000322017 0.00124582 0.00286268 0.00016006 -0.00596921 -0.0012603 0.000908899 0.00262511 0.000380834 0.000216393 6.84243e-05
internal_weight=500 449 80 75 23 52 369 267 102 62 246 21 40 51 12 39 34 27
internal_count=500 449 80 75 23 52 369 267 102 62 246 21 40 51 12 39 34 27
is_linear=0
shrinkage=0.05


Tree=133
num_leaves=16
num_cat=0
split_feature=1 1 3 3 2 2 1 1 3 2 3 0 2 0 3
split_gain=0.0186938 0.321641 0.225452 0.19354 0.230845 0.182135 0.151763 0.138286 0.127486 0.171128 0.162553 0.124572 0.076982 0.0670122 0.0616767
threshold=25269378.469503615 27235687.206593271 0.80619229066121767 0.70126118376402469 0.46912601503461637 0.85190247233112748 27832841.967075996 25775101.989758659 0.60591661398196006 1.1094753541910267 0.57767793925023125 0.11940977273244156 1.0088269535301977 0.13811852615637907 0.91931912444600805
decision_type=2 2 2 2 2 2 2 2 2 2 2 2 2 2 2
left_child=2 7 3 5 -5 -1 -3 -2 10 -10 -8 -6 -7 -4 -15
right_child=1 6 13 4 11 12 8 -9 9 -11 -12 -13 -14 14 -16
leaf_value=-0.0082029829001320272 0.0034787915957470738 -0.0079945877310819927 -0.0097348707417646996 -0.0026102753433709328 0.004724681625763576 0.0032199596876607223 -0.0010437913571617432 0.013278392702341081 0.00018276766682445331 -0.0046565098827704788 0.0093894625082612052 0.015410684347152707 -0.00030797919833658901 -0.0064817197620868697 -5.5108532043439993e-05
leaf_weight=6.9999999999999991 8.9999999999999982 5.9999999999999991 6.0000000000000027 6.0000000000000027 5.9999999999999982 17 6.9999999999999991 5.9999999999999991 211 20 7.9999999999999991 5 171 7.9999999999999982 7
leaf_count=7 9 6 6 6 6 17 7 6 211 20 8 5 171 8 7
internal_value=6.86414e-12 0.000285599 -0.000327274 0.000162235 0.00527882 -0.000283826 -0.000137796 0.00739863 5.38331e-05 -0.000236217 0.00452061 0.00958196 1.10366e-05 -0.00526899 -0.00348263
internal_weight=500 267 233 212 17 195 252 15 246 231 15 11 188 21 15
internal_count=500 267 233 212 17 195 252 15 246 231 15 11 188 21 15
is_linear=0
shrinkage=0.05


Tree=134
num_leaves=14
num_cat=0
split_feature=1 1 3 0 0 0 0 3 1 2 3 1 3
split_gain=0.0183477 0.0934459 0.0606024 0.0867406 0.0505575 0.168772 0.163794 0.100385 0.0702214 0.0594528 0.0211572 0.0062741 0.00359675
threshold=71741223.639172241 68913464.566857174 0.69089484901759801 0.12899572077989954 0.19474735625807132 0.19655256149771846 0.17573872389883527 0.96751505213011391 63764793.974376097 0.8573068367340908 0.73374170893331259 74772583.419088602 0.83804667138679012
decision_type=2 2 2 2 2 2 2 2 2 2 2 2 2
left_child=1 4 3 -2 6 -6 7 -1 -7 -8 -4 -12 -13
right_child=2 -3 10 -5 5 8 9 -9 -10 -11 11 12 -14
leaf_value=0.0002153012674794402 0.0055955880454608385 0.0051362330404420703 -0.0048570434562861895 -0.003027004590258002 0.0093258518725633632 0.0010795244375582447 -0.0020746570198098197 -0.0069193730130791666 -0.0051735197752714162 -0.0064856972376053984 -0.0027973366485509478 -0.0020034779833319276 -0.00048160721886564392
leaf_weight=353 6.9999999999999982 8.9999999999999982 6.0000000000000027 5 5.9999999999999991 44 25 4.9999999999999991 4.9999999999999991 10.999999999999998 7.0000000000000027 6.0000000000000027 10.999999999999998
leaf_count=353 7 9 6 5 6 44 25 5 5 11 7 6 11
internal_value=2.00671e-12 9.17207e-05 -0.00100019 0.00200284 -9.39427e-06 0.00141067 -0.000207626 0.000115655 0.000441459 -0.00342247 -0.00220141 -0.0015375 -0.00101874
internal_weight=500 458 42 12 449 55 394 358 49 36 30 24 17
internal_count=500 458 42 12 449 55 394 358 49 36 30 24 17
is_linear=0
shrinkage=0.05


Tree=135
num_leaves=10
num_cat=0
split_feature=0 0 3 3 2 3 2 0 1
split_gain=0.0192241 0.0600271 0.0285058 0.444092 0.185709 0.142806 0.110362 0.0740639 0.0174
threshold=0.21626476984671419 0.21134354788729451 0.69696795425881686 0.70919554002528462 1.1094753541910267 0.67502194440560037 0.96868959201703564 0.090677156921139521 24572249.021640584
decision_type=2 2 2 2 2 2 2 2 2
left_child=1 2 5 -4 -5 6 -1 -7 -2
right_child=8 -3 3 4 -6 7 -8 -9 -10
leaf_value=-0.0019675729186149379 0.00027568273246288306 0.0050189076612393059 0.01197898704558611 0.00042835546226579818 -0.0050336331622127225 -0.0089498205731312393 0.00055071803171020484 -0.002435803756816313 -0.0035862209192211074
leaf_weight=56 4.9999999999999982 5.9999999999999991 7.9999999999999991 184 17 6.0000000000000027 195 15.999999999999998 7
leaf_count=56 5 6 8 184 17 6 195 16 7
internal_value=1.04774e-13 4.86171e-05 -1.32538e-05 0.000426208 -3.36038e-05 -0.000349692 -1.11317e-05 -0.00421235 -0.00197709
internal_weight=500 488 482 209 201 273 251 22 12
internal_count=500 488 482 209 201 273 251 22 12
is_linear=0
shrinkage=0.05


Tree=136
num_leaves=16
num_cat=0
split_feature=1 1 3 3 2 2 1 1 0 3 1 1 2 0 3
split_gain=0.0195098 0.292098 0.19951 0.168437 0.204059 0.158845 0.135822 0.123977 0.120522 0.114945 0.148479 0.143714 0.0705889 0.0603421 0.0563377
threshold=25269378.469503615 27235687.206593271 0.80619229066121767 0.70126118376402469 0.46912601503461637 0.85190247233112748 27832841.967075996 25775101.989758659 0.11940977273244156 0.60591661398196006 45366399.603806615 30251106.290878318 1.0088269535301977 0.13811852615637907 0.91931912444600805
decision_type=2 2 2 2 2 2 2 2 2 2 2 2 2 2 2
left_child=2 7 3 5 -5 -1 -3 -2 -6 10 -8 -11 -7 -4 -15
right_child=1 6 13 4 8 12 9 -9 -10 11 -12 -13 -14 14 -16
leaf_value=-0.0076855187720086954 0.0033587537085016574 -0.0075444103490250811 -0.0092208544413248644 -0.0025178740848787115 0.0041674991448720309 0.0030581728938747859 0.0078285219147801403 0.012637512246146799 0.014678371399641036 -0.0053129000732531914 -0.0027241508942097425 9.870247736759057e-05 -0.0003200998823638401 -0.0061542743584141147 -1.2115961206810814e-05
leaf_weight=6.9999999999999991 8.9999999999999982 5.9999999999999991 6.0000000000000027 6.0000000000000027 5.9999999999999982 17 9.9999999999999982 5.9999999999999991 5 12.999999999999998 4.9999999999999991 218 171 7.9999999999999982 7
leaf_count=7 9 6 6 6 6 17 10 6 5 13 5 218 171 8 7
internal_value=1.14378e-12 0.000291765 -0.00033434 0.000126145 0.00489939 -0.000289983 -0.000111717 0.00707026 0.00894517 6.95687e-05 0.00431096 -0.000205847 -1.46178e-05 -0.00498305 -0.00328793
internal_weight=500 267 233 212 17 195 252 15 11 246 15 231 188 21 15
internal_count=500 267 233 212 17 195 252 15 11 246 15 231 188 21 15
is_linear=0
shrinkage=0.05


Tree=137
num_leaves=19
num_cat=0
split_feature=1 1 0 0 3 3 3 3 0 0 3 3 0 2 1 3 0 1
split_gain=0.0183767 0.240911 0.117643 0.145051 0.130275 0.0869512 0.200555 0.101044 0.19208 0.175631 0.054599 0.214215 0.109838 0.0424051 0.0758486 0.0141067 0.012235 0.00693484
threshold=62861917.677182458 63764793.974376097 0.19655256149771846 0.18537178563377474 0.68110773599609054 0.84704804513470588 0.83804667138679012 0.91931912444600805 0.16437197747539559 0.10790833968865811 0.76287168822528961 0.73374170893331259 0.11940977273244156 0.55099220571586482 43535073.737205483 0.93521149499642442 0.1862917456646643 71741223.639172241
decision_type=2 2 2 2 2 2 2 2 2 2 2 2 2 2 2 2 2 2
left_child=5 -2 3 4 -3 6 10 13 9 -9 11 -1 -12 14 -7 -10 -15 -4
right_child=1 2 17 -5 -6 7 -8 8 15 -11 12 -13 -14 16 -16 -17 -18 -19
leaf_value=9.2261932530866549e-05 0.010329072239498298 0.005664589137045874 -0.0054792533229504328 0.008982404470443725 -0.00086025278147894377 0.0032975264405831692 0.010111874081194402 -0.002983611747622488 -0.0051730399951338771 0.0087040830610526938 -0.002517054272427161 -0.0056900857290362612 0.0027574360552357468 -0.0044875945399204878 -0.0045527600450441241 -0.0021802735244919962 -0.0073435765877366069 -0.003162737578774492
leaf_weight=277 5.9999999999999991 8.9999999999999982 6.9999999999999982 4.9999999999999991 51 4.9999999999999991 4.9999999999999991 5.0000000000000027 6.9999999999999991 8.9999999999999982 12.999999999999998 17 41 15.000000000000002 7.9999999999999991 8.9999999999999982 4.9999999999999991 6
leaf_count=277 6 9 7 5 51 5 5 5 7 9 13 17 41 15 8 9 5 6
internal_value=1.2821e-11 0.000674567 -6.80867e-05 0.000800314 0.000118474 -0.000136211 0.000169172 -0.00184732 0.000252832 0.00452991 2.63169e-05 -0.000242092 0.00148765 -0.00375655 -0.00153342 -0.00348961 -0.00520159 -0.00441009
internal_weight=500 84 78 65 60 416 353 63 30 14 348 294 54 33 13 16 20 13
internal_count=500 84 78 65 60 416 353 63 30 14 348 294 54 33 13 16 20 13
is_linear=0
shrinkage=0.05


Tree=138
num_leaves=16
num_cat=0
split_feature=3 3 2 0 0 1 3 1 2 1 0 2 0 1 1
split_gain=0.0189257 0.299123 0.421117 0.140717 0.15756 0.153362 0.0987018 0.0813724 0.0741782 0.227431 0.134181 0.122954 0.115643 0.0372561 0.0553106
threshold=0.69696795425881686 0.71426166709560868 1.0423130105274516 0.087877069178137548 0.09244838151414321 40763298.065043636 0.68461762378820035 66727655.377864622 0.96868959201703564 48980423.254875787 0.083519631766678717 0.55099220571586482 0.121532113862122 46169482.165686823 64505629.807619773
decision_type=2 2 2 2 2 2 2 2 2 2 2 2 2 2 2
left_child=6 2 -2 13 -5 -6 8 -8 10 12 -1 -12 -10 -3 -15
right_child=1 3 -4 4 5 -7 7 -9 9 -11 11 -13 -14 14 -16
leaf_value=0.0049748558551073081 0.015938247620527236 -0.0077161829724597441 -0.0030606278777122495 0.0067375722341239458 0.0016678573599980249 -0.0012526438216877136 -0.0081903720008475456 0.0001611426007002592 0.00029815867191155599 0.0099841510566572363 0.0013568918016972022 -0.0038111499079116966 -0.0074047733843326568 0.0009860850870609286 -0.0064510241895914065
leaf_weight=6.9999999999999991 6.9999999999999982 5.9999999999999991 5 8.9999999999999982 77 108 6.9999999999999982 5 191 5.9999999999999991 15.999999999999998 41 4.9999999999999991 4.9999999999999982 5
leaf_count=7 7 6 5 9 77 108 7 5 191 6 16 41 5 5 5
internal_value=6.06378e-12 0.000344236 0.00802205 -9.4496e-05 0.000277204 -3.70839e-05 -0.000274894 -0.00471057 -7.47877e-05 0.000395195 -0.00155817 -0.00236047 0.000101655 -0.00460136 -0.00273247
internal_weight=500 222 12 210 194 185 278 12 266 202 64 57 196 16 10
internal_count=500 222 12 210 194 185 278 12 266 202 64 57 196 16 10
is_linear=0
shrinkage=0.05


Tree=139
num_leaves=16
num_cat=0
split_feature=1 1 3 3 0 2 1 1 3 3 2 1 3 2 2
split_gain=0.0202488 0.26051 0.186087 0.148087 0.208508 0.142198 0.121916 0.106575 0.103562 0.149978 0.144994 0.0666993 0.0501265 0.0222882 0.00174737
threshold=25269378.469503615 27235687.206593271 0.80619229066121767 0.70126118376402469 0.13575649475962806 0.85190247233112748 27832841.967075996 25775101.989758659 0.60591661398196006 0.57767793925023125 1.1094753541910267 23215005.995092433 0.90645300619107705 0.54413129008106098 0.74576630281347189
decision_type=2 2 2 2 2 2 2 2 2 2 2 2 2 2 2
left_child=2 7 3 5 -5 -1 -3 -2 9 -8 -10 -7 14 -14 -4
right_child=1 6 12 4 -6 11 8 -9 10 -11 -12 -13 13 -15 -16
leaf_value=-0.0072833619612668243 0.0032575621683564454 -0.0071257413752997927 -0.0067313511669635749 0.0098004548448241396 -0.0012935689883306623 0.00020924680912341015 -0.0012309673907501357 0.011860489527073999 0.00021219752023136684 0.00879058325663209 -0.0042422571731731296 -0.0038033584810116075 -3.5589467734098443e-05 -0.0045556430394450816 -0.0080532325059175479
leaf_weight=6.9999999999999991 8.9999999999999982 5.9999999999999991 5.0000000000000018 9.0000000000000018 7.9999999999999991 177 6.9999999999999991 5.9999999999999991 211 7.9999999999999991 20 10.999999999999998 4.9999999999999982 6 5
leaf_count=7 9 6 5 9 8 177 7 6 211 8 20 11 5 6 5
internal_value=4.00178e-12 0.00029724 -0.000340614 0.000104112 0.00457974 -0.000286071 -8.38017e-05 0.00669873 8.7953e-05 0.00411386 -0.00017347 -2.55333e-05 -0.00483022 -0.00250107 -0.00739229
internal_weight=500 267 233 212 17 195 252 15 246 15 231 188 21 11 10
internal_count=500 267 233 212 17 195 252 15 246 15 231 188 21 11 10
is_linear=0
shrinkage=0.05


Tree=140
num_leaves=16
num_cat=0
split_feature=1 1 1 1 3 1 3 2 0 2 3 2 2 0 0
split_gain=0.0192646 0.162117 0.133555 0.204965 0.259917 0.127087 0.106271 0.121936 0.12013 0.0891902 0.0885821 0.0763395 0.0540764 0.016097 0.00837512
threshold=48181283.067253701 49502328.330090865 40763298.065043636 37278851.120691575 0.76770586805346019 36335723.824365377 0.64000102010799476 1.0563655996945427 0.20448175866875426 0.44541709677087155 0.76119402751507426 0.66769136443278354 0.46912601503461637 0.19106250732326452 0.10053124318826835
decision_type=2 2 2 2 2 2 2 2 2 2 2 2 2 2 2
left_child=2 -2 3 5 -5 12 11 8 -8 -4 -9 -3 -1 14 -11
right_child=1 6 9 4 -6 -7 7 10 -10 13 -12 -13 -14 -15 -16
leaf_value=-0.0022983702934046353 0.0085302701840798065 0.00029447257518768318 0.0024483116716146453 -0.0003683826187625528 0.012824485470939959 -0.0060506770697732774 -0.00030052704927036809 -0.0086459597838776468 0.0048002181144861074 -0.0039638893306255286 -0.00069153328825320509 0.0086597522177423031 0.00017534372090064591 -0.0024558362737298013 -0.006399536381165187
leaf_weight=24 5.9999999999999991 4.9999999999999982 5.0000000000000027 7.9999999999999982 7 8.9999999999999982 103 6.9999999999999982 12.999999999999998 5.0000000000000062 7 6 278 4.9999999999999991 11.999999999999998
leaf_count=24 6 5 5 8 7 9 103 7 13 5 7 6 278 5 12
internal_value=8.98581e-14 0.000480943 -0.000200279 7.96102e-05 0.00578829 -0.000195728 0.000138418 -0.000260876 0.000271108 -0.00357969 -0.00466875 0.00485735 -2.12428e-05 -0.00494968 -0.00568317
internal_weight=500 147 353 326 15 311 141 130 116 27 14 11 302 22 17
internal_count=500 147 353 326 15 311 141 130 116 27 14 11 302 22 17
is_linear=0
shrinkage=0.05


Tree=141
num_leaves=15
num_cat=0
split_feature=3 3 2 0 0 1 3 0 0 1 2 1 1 1
split_gain=0.0185638 0.261228 0.380007 0.131684 0.171076 0.139262 0.0820466 0.0758018 0.0863757 0.120193 0.0880164 0.07121 0.0380808 0.0453767
threshold=0.69696795425881686 0.71426166709560868 1.0423130105274516 0.088456291409989271 0.09244838151414321 40763298.065043636 0.68461762378820035 0.20777350475420006 0.11940977273244156 38572475.068062402 1.1355531279885953 66727655.377864622 46169482.165686823 64505629.807619773
decision_type=2 2 2 2 2 2 2 2 2 2 2 2 2 2
left_child=6 2 -2 12 -5 -6 7 8 9 -1 -10 -8 -3 -14
right_child=1 3 -4 4 5 -7 11 -9 10 -11 -12 -13 13 -15
leaf_value=-8.1405786196309332e-05 0.015035813634416889 -0.0074919905435914744 -0.003011904656887054 0.0074611068703234196 0.0016176431242893631 -0.001165368818133764 -0.0075716714241674983 0.0050443560417209356 -0.0030404776753857731 0.0052855427630923019 0.0034537127862373988 0.00024095606058835981 0.00097783092409372348 -0.0054716097190976136
leaf_weight=202 6.9999999999999982 6.0000000000000027 5 7.9999999999999991 77 108 6.9999999999999982 6.9999999999999991 40 10.999999999999998 5.9999999999999991 5 4.9999999999999982 6
leaf_count=202 7 6 5 8 77 108 7 7 40 11 6 5 5 6
internal_value=2.45708e-11 0.000340929 0.00751593 -6.9071e-05 0.000302526 -7.03412e-06 -0.000272253 -8.98095e-05 -0.000228571 0.000195761 -0.00219341 -0.00431641 -0.00428779 -0.00254005
internal_weight=500 222 12 210 193 185 278 266 259 213 46 12 17 11
internal_count=500 222 12 210 193 185 278 266 259 213 46 12 17 11
is_linear=0
shrinkage=0.05


Tree=142
num_leaves=19
num_cat=0
split_feature=1 1 0 0 3 3 3 3 0 0 3 3 2 2 1 1 0 1
split_gain=0.0198301 0.210272 0.112251 0.135092 0.111647 0.0759303 0.172264 0.0941371 0.172924 0.150913 0.0494307 0.180181 0.113078 0.0385076 0.0631692 0.0135457 0.010242 0.00712769
threshold=62861917.677182458 63764793.974376097 0.19655256149771846 0.18537178563377474 0.72506778719467768 0.84704804513470588 0.83804667138679012 0.91931912444600805 0.16437197747539559 0.10790833968865811 0.76287168822528961 0.73374170893331259 0.9078459619800382 0.55099220571586482 43535073.737205483 47443216.654752061 0.1862917456646643 71741223.639172241
decision_type=2 2 2 2 2 2 2 2 2 2 2 2 2 2 2 2 2 2
left_child=5 -2 3 4 -3 6 10 13 9 -9 11 -1 -12 14 -7 -10 -15 -4
right_child=1 2 17 -5 -6 7 -8 8 15 -11 12 -13 -14 16 -16 -17 -18 -19
leaf_value=6.2738796798783117e-05 0.0097204412644108142 0.0029327802299319405 -0.0053183596049036306 0.0087513924296945336 -0.0015033552579847606 0.0029438946617301558 0.0093586380407214165 -0.0026199290901422483 -0.0042451547882096331 0.0082141142131553751 0.0030877301708928176 -0.0052404088488615611 -0.0017034806703266345 -0.0043070829411347702 -0.0042202529846690597 -0.0011064615519717335 -0.0069201299548149109 -0.002969855458165208
leaf_weight=277 5.9999999999999991 23 6.9999999999999982 4.9999999999999991 37 4.9999999999999991 4.9999999999999991 5.0000000000000027 10.999999999999998 8.9999999999999982 35 17 19 15.000000000000002 7.9999999999999991 4.9999999999999991 4.9999999999999991 6
leaf_count=277 6 23 7 5 37 5 5 5 11 9 35 17 19 15 8 5 5 6
internal_value=-4.39278e-12 0.000700735 6.9117e-06 0.000855181 0.000197163 -0.000141495 0.000143879 -0.00174049 0.000286612 0.00434481 1.14831e-05 -0.000243906 0.00140193 -0.00358332 -0.00146481 -0.00326431 -0.00496034 -0.00423443
internal_weight=500 84 78 65 60 416 353 63 30 14 348 294 54 33 13 16 20 13
internal_count=500 84 78 65 60 416 353 63 30 14 348 294 54 33 13 16 20 13
is_linear=0
shrinkage=0.05


Tree=143
num_leaves=17
num_cat=0
split_feature=1 1 3 3 0 0 1 2 1 2 3 3 2 3 2 2
split_gain=0.0198226 0.234745 0.172021 0.138707 0.153411 0.34629 0.152242 0.137532 0.108401 0.10158 0.0941687 0.139257 0.128882 0.047592 0.0183079 0.00162557
threshold=25269378.469503615 27235687.206593271 0.80619229066121767 0.65716023183551153 0.13575649475962806 0.095767180104694608 23215005.995092433 0.85190247233112748 27832841.967075996 1.1690469020617735 0.60591661398196006 0.57767793925023125 1.1094753541910267 0.90645300619107705 0.54413129008106098 0.74576630281347189
decision_type=2 2 2 2 2 2 2 2 2 2 2 2 2 2 2 2
left_child=2 9 3 6 5 -5 7 -1 -3 -2 11 -10 -12 15 -15 -4
right_child=1 8 13 4 -6 -7 -8 -9 10 -11 12 -13 -14 14 -16 -17
leaf_value=-0.0082706544734537611 0.010769497297172036 -0.0067077767414351307 -0.006512565240263936 2.0947848679497827e-05 -0.0022209838084462619 0.012995360212193597 -0.0067688792219592472 0.00014437270406233437 -0.0012169344749833858 0.0025219192641088742 0.00020866577755726027 0.0084398020524531613 -0.0039910056907683606 -0.000149581041187048 -0.0042461935430765149 -0.0077875434607267372
leaf_weight=4.9999999999999991 6.9999999999999991 5.9999999999999991 5.0000000000000018 12.000000000000005 8.9999999999999982 8.9999999999999982 8.9999999999999982 168 6.9999999999999991 7.9999999999999991 211 7.9999999999999991 20 4.9999999999999982 6 5
leaf_count=5 7 6 5 12 9 9 9 168 7 8 211 8 20 5 6 5
internal_value=-8.29095e-12 0.000294095 -0.00033701 9.05764e-05 0.00324069 0.00558141 -0.000428673 -9.88362e-05 -6.76128e-05 0.00637079 9.43424e-05 0.00393333 -0.000154942 -0.0046536 -0.0023841 -0.00715005
internal_weight=500 267 233 212 30 21 182 173 252 15 246 15 231 21 11 10
internal_count=500 267 233 212 30 21 182 173 252 15 246 15 231 21 11 10
is_linear=0
shrinkage=0.05


Tree=144
num_leaves=17
num_cat=0
split_feature=3 3 2 0 0 1 2 0 0 0 2 1 0 3 1 1
split_gain=0.0196137 0.228234 0.342283 0.118135 0.124091 0.125724 0.0813063 0.165606 0.145134 0.13428 0.135784 0.147972 0.100449 0.0431007 0.0303046 0.0449816
threshold=0.69696795425881686 0.71426166709560868 1.0423130105274516 0.087877069178137548 0.09244838151414321 40763298.065043636 0.96868959201703564 0.15545446376501085 0.121532113862122 0.083519631766678717 0.54117024165242256 57457153.99672097 0.1316852352296759 0.67502194440560037 46169482.165686823 64505629.807619773
decision_type=2 2 2 2 2 2 2 2 2 2 2 2 2 2 2 2
left_child=6 2 -2 14 -5 -6 9 8 13 -1 11 -11 -12 -8 -3 -16
right_child=1 3 -4 4 5 -7 7 -9 -10 10 12 -13 -14 -15 15 -17
leaf_value=0.0048719332686492376 0.014193910054330317 -0.006971466766359906 -0.0029345762729644769 0.0060410637615455525 0.0015725453338863984 -0.0010717345229716523 0.00034823515627854128 0.0077885598742536135 -0.0076944739868243534 -0.0014811877310941259 -0.006659152750906192 0.0085392565280199059 -0.0019489991312314357 -0.0036487066320010594 0.00087672930210828796 -0.0058301030099391932
leaf_weight=6.9999999999999991 6.9999999999999982 5.9999999999999991 5 8.9999999999999982 77 108 185 6.9999999999999991 5.9999999999999991 14.000000000000002 19 4.9999999999999991 28 6.9999999999999991 4.9999999999999982 5
leaf_count=7 7 6 5 9 77 108 185 7 6 14 19 5 28 7 5 5
internal_value=-4.01924e-12 0.000350437 0.00705704 -3.27973e-05 0.000307774 2.88576e-05 -0.000279846 0.000230418 -3.67893e-05 -0.00171278 -0.00241115 0.00115577 -0.0038531 0.000202513 -0.00416223 -0.00247669
internal_weight=500 222 12 210 194 185 278 205 198 73 66 19 47 192 16 10
internal_count=500 222 12 210 194 185 278 205 198 73 66 19 47 192 16 10
is_linear=0
shrinkage=0.05


Tree=145
num_leaves=19
num_cat=0
split_feature=1 1 0 0 0 1 3 3 3 0 0 3 3 0 0 0 1 3
split_gain=0.019202 0.187289 0.105143 0.113356 0.19276 0.146936 0.0674759 0.15783 0.0839691 0.156399 0.130719 0.0459294 0.15561 0.106304 0.0396274 0.0136768 0.0128425 0.00561443
threshold=62861917.677182458 63764793.974376097 0.19824010925400073 0.09802982747432841 0.10406258932869002 79552498.2123629 0.84704804513470588 0.83804667138679012 0.91931912444600805 0.16437197747539559 0.10790833968865811 0.76287168822528961 0.73374170893331259 0.20515348782176893 0.20448175866875426 0.10183153446435571 47443216.654752061 0.77608994270380505
decision_type=2 2 2 2 2 2 2 2 2 2 2 2 2 2 2 2 2 2
left_child=6 -2 3 5 -5 -3 7 11 14 10 -10 12 -1 -13 15 -8 -11 -4
right_child=1 2 17 4 -6 -7 8 -9 9 16 -12 13 -14 -15 -16 -17 -18 -19
leaf_value=4.1845814152708992e-05 0.0092020620281497642 -0.0069940046303802079 -0.005351982141534488 0.011226106658577921 0.00089977026045163903 0.0036963353119790557 -0.0022052148157464596 0.0089500466734170926 -0.0023547121137380586 -0.0040641270747238936 0.0077284775260421969 0.0002857533336447721 -0.0048864593941663559 0.0059968075621873139 0.000713152252137661 -0.0047572253016932384 -0.001007985002361238 -0.0031889537970225014
leaf_weight=277 5.9999999999999991 8.9999999999999982 5.9999999999999982 4.9999999999999991 47 4.9999999999999991 7.0000000000000027 4.9999999999999991 5.0000000000000027 10.999999999999998 8.9999999999999982 44 17 9.9999999999999982 4.9999999999999991 21 4.9999999999999991 6
leaf_count=277 6 9 6 5 47 5 7 5 5 11 9 44 17 10 5 21 5 6
internal_value=7.98755e-12 0.000689549 3.47404e-05 0.000817506 0.00189269 -0.00317603 -0.000139236 0.000129782 -0.00164659 0.000267914 0.00412734 3.05374e-06 -0.000243124 0.00134336 -0.00338704 -0.00411922 -0.00310908 -0.00427047
internal_weight=500 84 78 66 52 14 416 353 63 30 14 348 294 54 33 28 16 12
internal_count=500 84 78 66 52 14 416 353 63 30 14 348 294 54 33 28 16 12
is_linear=0
shrinkage=0.05


Tree=146
num_leaves=17
num_cat=0
split_feature=1 1 3 3 0 0 1 2 1 2 3 1 1 3 2 2
split_gain=0.0196391 0.208627 0.16066 0.126878 0.148333 0.301091 0.134831 0.123764 0.0984459 0.0922384 0.0858227 0.139875 0.124222 0.0461782 0.014784 0.00182441
threshold=25269378.469503615 27235687.206593271 0.80619229066121767 0.65716023183551153 0.13575649475962806 0.095767180104694608 23215005.995092433 0.85190247233112748 27832841.967075996 1.1690469020617735 0.60591661398196006 45366399.603806615 30251106.290878318 0.90645300619107705 0.54413129008106098 0.74576630281347189
decision_type=2 2 2 2 2 2 2 2 2 2 2 2 2 2 2 2
left_child=2 9 3 6 5 -5 7 -1 -3 -2 11 -10 -12 15 -15 -4
right_child=1 8 13 4 -6 -7 -8 -9 10 -11 12 -13 -14 14 -16 -17
leaf_value=-0.0078604371566325434 0.010212974915547032 -0.0063761744260167081 -0.0062908066064119306 0.00020734287876014897 -0.0022799402009695767 0.012305425024694866 -0.0063854844826791018 0.00012228238205179445 0.0071851151064038282 0.0023537912151368801 -0.0048800044048290985 -0.00305725215934217 0.00015123887711157596 -0.00026353849098086361 -0.0039448458235710852 -0.0076415155827999105
leaf_weight=4.9999999999999991 6.9999999999999991 5.9999999999999991 5.0000000000000018 12.000000000000005 8.9999999999999982 8.9999999999999982 8.9999999999999982 168 9.9999999999999982 7.9999999999999991 12.999999999999998 4.9999999999999991 218 4.9999999999999982 6 5
leaf_count=5 7 6 5 12 9 9 9 168 10 8 13 5 218 5 6 5
internal_value=1.89248e-11 0.00029273 -0.000335446 7.77801e-05 0.00309058 0.00539224 -0.000418836 -0.000108432 -4.82625e-05 0.00602141 0.000106077 0.00377099 -0.000131905 -0.00450707 -0.00227152 -0.00696616
internal_weight=500 267 233 212 30 21 182 173 252 15 246 15 231 21 11 10
internal_count=500 267 233 212 30 21 182 173 252 15 246 15 231 21 11 10
is_linear=0
shrinkage=0.05


Tree=147
num_leaves=13
num_cat=0
split_feature=0 0 0 0 1 1 0 3 3 1 2 1
split_gain=0.0208175 0.146872 0.105687 0.126432 0.10489 0.086928 0.0862347 0.0668252 0.0492425 0.0289043 0.0230256 0.00710418
threshold=0.19474735625807132 0.19655256149771846 0.18824753306410083 0.18537178563377474 63764793.974376097 57457153.99672097 0.17573872389883527 0.96751505213011391 0.63672259678646526 54518487.037022479 1.0120822564198713 71741223.639172241
decision_type=2 2 2 2 2 2 2 2 2 2 2 2
left_child=2 -2 3 6 5 8 7 -1 -3 -8 -4 -6
right_child=1 4 10 -5 11 -7 9 -9 -10 -11 -12 -13
leaf_value=0.00016691948004081311 0.0082906942814588557 -0.0037301144873102508 -0.0026473038183111287 0.0072304115320245433 -0.0049616634845733656 0.0074391450826078653 -0.0048084519260252504 -0.0051503458681205908 0.0011941295230027402 -0.0010600244626402856 -0.0066460528100530311 -0.0026170351620142655
leaf_weight=389 5.9999999999999991 5.9999999999999991 8.9999999999999982 5.9999999999999991 6.9999999999999982 4.9999999999999991 12.000000000000002 5.9999999999999991 33 8.9999999999999982 5.9999999999999991 6
leaf_count=389 6 6 9 6 7 5 12 6 33 9 6 6
internal_value=5.82077e-13 0.000849708 -0.000122498 2.41005e-05 6.64466e-05 0.0012323 -7.98366e-05 8.61509e-05 0.000436554 -0.00320198 -0.0042468 -0.00387953
internal_weight=500 63 437 422 57 44 416 395 39 21 15 13
internal_count=500 63 437 422 57 44 416 395 39 21 15 13
is_linear=0
shrinkage=0.05


Tree=148
num_leaves=14
num_cat=0
split_feature=3 3 2 3 3 1 3 0 3 3 2 0 0
split_gain=0.0204036 0.198441 0.308444 0.106172 0.177124 0.405102 0.1798 0.0785089 0.102416 0.092252 0.102907 0.0758729 0.168713
threshold=0.69696795425881686 0.71426166709560868 1.0423130105274516 0.71782652178146222 0.73374170893331259 71741223.639172241 0.75865573055364488 0.20777350475420006 0.67502194440560037 0.67015469499907299 0.94355427536571179 0.090677156921139521 0.10790833968865811
decision_type=2 2 2 2 2 2 2 2 2 2 2 2 2
left_child=7 2 -2 -3 5 -5 -6 8 9 10 -1 -10 -13
right_child=1 3 -4 4 6 -7 -8 -9 11 -11 -12 12 -14
leaf_value=-0.0023839741687666865 0.013385908332254207 -0.0065554057868818447 -0.002873870432376861 0.013850343546697072 -0.0049326539408260338 -0.0047837822232395409 0.00031668342818538179 0.0049426597676106862 -0.0084855179612835212 0.0059931662554542223 0.00022108628331900075 0.0047359690691033997 -0.0058694662945345047
leaf_weight=47 6.9999999999999982 5.9999999999999991 5 6.9999999999999982 18 5 174 6.9999999999999991 6.0000000000000027 5.9999999999999991 196 5.9999999999999991 9.9999999999999982
leaf_count=47 7 6 5 7 18 5 174 7 6 6 196 6 10
internal_value=-8.14252e-12 0.000357424 0.006611 7.71646e-08 0.000192885 0.00608612 -0.000175442 -0.000285425 -0.000420468 -0.000131546 -0.000282773 -0.00369054 -0.00189243
internal_weight=500 222 12 210 204 12 192 278 271 249 243 22 16
internal_count=500 222 12 210 204 12 192 278 271 249 243 22 16
is_linear=0
shrinkage=0.05


Tree=149
num_leaves=12
num_cat=0
split_feature=0 3 3 0 3 0 0 0 0 2 2
split_gain=0.0192236 0.173821 0.158303 0.190735 0.122037 0.0406472 0.152354 0.093591 0.116575 0.0217493 0.0210664
threshold=0.20448175866875426 0.63672259678646526 0.69696795425881686 0.20540343408968906 0.76119402751507426 0.19655256149771846 0.19474735625807132 0.18824753306410083 0.18537178563377474 1.0120822564198713 0.94742509838763722
decision_type=2 2 2 2 2 2 2 2 2 2 2
left_child=5 -2 -3 -4 -5 6 7 8 -1 -9 -7
right_child=1 2 3 4 -6 10 -8 9 -10 -11 -12
leaf_value=-7.770835522408632e-05 -0.0077262890338897702 0.010480015426874162 0.0098837637901306157 -0.0064297047044549645 0.0012409833865240217 -0.00090093626640737074 0.0079061331848303482 -0.0024424396093106933 0.006941811988751094 -0.0063287877089654408 -0.0046568597267780979
leaf_weight=416 4.9999999999999991 4.9999999999999991 4.9999999999999991 7.0000000000000027 20 7.9999999999999982 5.9999999999999991 8.9999999999999982 5.9999999999999991 5.9999999999999991 7
leaf_count=416 5 5 5 7 20 8 6 9 6 6 7
internal_value=-1.99463e-11 0.00102379 0.00220623 0.000913455 -0.000747714 -9.38847e-05 -7.20923e-06 -0.000115859 2.20953e-05 -0.00399698 -0.0026537
internal_weight=500 42 37 32 27 458 443 437 422 15 15
internal_count=500 42 37 32 27 458 443 437 422 15 15
is_linear=0
shrinkage=0.05


Tree=150
num_leaves=13
num_cat=0
split_feature=1 1 1 0 0 1 1 0 1 3 1 1
split_gain=0.0189251 0.0308723 0.151116 0.0994562 0.144953 0.0604753 0.14338 0.0900182 0.0824192 0.059926 0.0134843 0.00750003
threshold=80496729.610140964 62861917.677182458 63764793.974376097 0.19655256149771846 0.18358731040034451 54202888.031144448 53131714.977987416 0.17378863674831005 58872019.950320639 0.84704804513470588 58872019.950320639 71741223.639172241
decision_type=2 2 2 2 2 2 2 2 2 2 2 2
left_child=1 5 -3 4 -4 6 9 10 -9 -1 -7 -5
right_child=-2 2 3 11 -6 7 -8 8 -10 -11 -12 -13
leaf_value=0.00017677676784586099 -0.002791206022569289 0.0085704880456129711 0.00042958909341703276 -0.0047593526143048497 0.0093283209018409259 -0.0032447764324024311 0.0077163062368830046 -0.0018211121567421489 0.0061853731051087386 -0.0016675045019855688 -0.0059024460613727571 -0.0023502876594041783
leaf_weight=323 5.9999999999999991 5.9999999999999991 54 6.9999999999999982 4.9999999999999991 15.000000000000002 5.9999999999999991 8.9999999999999982 4.9999999999999991 51 6.9999999999999991 6
leaf_count=323 6 6 54 7 5 15 6 9 5 51 7 6
internal_value=8.93779e-12 3.39013e-05 0.000946733 0.00031142 0.00118372 -0.000137255 4.83e-05 -0.00209589 0.00103835 -7.47161e-05 -0.0040904 -0.00364748
internal_weight=500 494 78 72 59 416 380 36 14 374 22 13
internal_count=500 494 78 72 59 416 380 36 14 374 22 13
is_linear=0
shrinkage=0.05


Tree=151
num_leaves=16
num_cat=0
split_feature=3 3 0 0 0 1 3 1 2 0 2 1 0 1 1
split_gain=0.0198236 0.180199 0.285573 0.0984158 0.136552 0.115729 0.0681884 0.0664411 0.0923706 0.195377 0.0676755 0.0614943 0.044657 0.0265119 0.0330829
threshold=0.69696795425881686 0.71426166709560868 0.1316852352296759 0.088456291409989271 0.09244838151414321 40763298.065043636 0.68461762378820035 70093894.429245129 0.94355427536571179 0.15545446376501085 0.39364887241738816 66727655.377864622 0.12590542853561276 46169482.165686823 64505629.807619773
decision_type=2 2 2 2 2 2 2 2 2 2 2 2 2 2 2
left_child=6 2 -2 13 -5 -6 7 8 10 -10 -1 -8 -9 -3 -15
right_child=1 3 -4 4 5 -7 11 12 9 -11 -12 -13 -14 14 -16
leaf_value=0.0033194992691278459 0.01283041292003223 -0.0063088527725388577 -0.0028149312362074851 0.0067286341916769745 0.0015375157408949213 -0.00099947538131985969 -0.006993221704448974 0.0072245050966739666 -6.998741543065989e-05 0.0090869425795972354 -0.0028121802764427333 0.00026690435595810413 0.00054191758856177326 0.00082674704492092144 -0.0046801573286453877
leaf_weight=4.9999999999999991 6.9999999999999982 6.0000000000000027 5 7.9999999999999991 77 108 6.9999999999999982 4.9999999999999982 200 5.9999999999999991 45 5 5 4.9999999999999982 6
leaf_count=5 7 6 5 8 77 108 7 5 200 6 45 5 5 5 6
internal_value=-1.43031e-11 0.000352308 0.00631152 1.17815e-05 0.000333028 5.64615e-05 -0.000281339 -0.000115016 -0.000271197 0.000196719 -0.00219901 -0.00396817 0.00388321 -0.00363531 -0.00217702
internal_weight=500 222 12 210 193 185 278 266 256 206 50 12 10 17 11
internal_count=500 222 12 210 193 185 278 266 256 206 50 12 10 17 11
is_linear=0
shrinkage=0.05


Tree=152
num_leaves=18
num_cat=0
split_feature=1 1 3 3 5 3 1 2 2 2 3 2 0 1 3 2 2
split_gain=0.0190948 0.189591 0.144233 0.110548 0.139377 0.137534 0.117612 0.105858 0.0978368 0.313253 0.204121 0.121356 0.100173 0.0857071 0.0459194 0.0131375 0.00148164
threshold=25269378.469503615 27235687.206593271 0.80619229066121767 0.65716023183551153 0.93097447297900671 0.7058205805192127 23215005.995092433 0.85190247233112748 1.1094753541910267 1.0951075621325528 0.64470058410159548 1.0394888025925442 0.17207189772794454 25775101.989758659 0.90645300619107705 0.54413129008106098 0.74576630281347189
decision_type=2 2 2 2 2 2 2 2 2 2 2 2 2 2 2 2 2
left_child=2 13 3 6 5 -5 7 -1 9 11 -10 -3 -12 -2 16 -16 -4
right_child=1 8 14 4 -6 -7 -8 -9 10 -11 12 -13 -14 -15 15 -17 -18
leaf_value=-0.0072822239063680171 0.0026637775409552788 0.00029123129295406951 -0.0061269462108612029 -0.0048526329653603645 0.0090505968513233323 0.0035502773098414764 -0.0059754400203625366 0.00010048976529928734 0.0042397729520286809 0.012666972130537033 -0.0095525619056489701 -0.0048786115852029379 -0.0020925425044778321 0.010378622220984351 -0.0001612304709851742 -0.0036314893591528133 -0.0073441706597805016
leaf_weight=4.9999999999999991 8.9999999999999982 210 5.0000000000000018 7.0000000000000062 6.9999999999999991 15.999999999999998 8.9999999999999982 168 7.0000000000000027 4.9999999999999991 9.0000000000000018 11.999999999999998 8.9999999999999982 5.9999999999999991 4.9999999999999982 6 5
leaf_count=5 9 210 5 7 7 16 9 168 7 5 9 12 9 6 5 6 5
internal_value=1.4939e-11 0.000288645 -0.000330765 6.0766e-05 0.00287301 0.00099287 -0.00040279 -0.000112883 -3.64184e-05 0.000290529 -0.0030051 1.17803e-05 -0.00582255 0.00574972 -0.00428337 -0.0020541 -0.00673556
internal_weight=500 267 233 212 30 23 182 173 252 227 25 222 18 15 21 11 10
internal_count=500 267 233 212 30 23 182 173 252 227 25 222 18 15 21 11 10
is_linear=0
shrinkage=0.05


Tree=153
num_leaves=13
num_cat=0
split_feature=1 1 1 0 0 3 3 1 1 1 1 1
split_gain=0.018704 0.0295406 0.133705 0.0908285 0.131536 0.0521165 0.146551 0.0809267 0.280753 0.0431921 0.0340086 0.00689808
threshold=80496729.610140964 62861917.677182458 63764793.974376097 0.19655256149771846 0.18358731040034451 0.84704804513470588 0.83804667138679012 36335723.824365377 28641600.513857499 48181283.067253701 53131714.977987416 71741223.639172241
decision_type=2 2 2 2 2 2 2 2 2 2 2 2
left_child=1 5 -3 4 -4 6 9 8 -7 -1 -9 -5
right_child=-2 2 3 11 -6 7 -8 10 -10 -11 -12 -13
leaf_value=-0.00023407976532746077 -0.0027748574619181456 0.0080977561573187511 0.00044426011564037589 -0.004520573726456081 0.0089211549668107189 -0.0026214258372783657 0.0086019709333777419 -0.0041870842017132145 0.0084614133404102183 0.001426019523706701 -0.00090353199047967794 -0.0022102060029283162
leaf_weight=303 5.9999999999999991 5.9999999999999991 54 6.9999999999999982 4.9999999999999991 20.000000000000004 4.9999999999999991 23 7.9999999999999991 45 11.999999999999998 6
leaf_count=303 6 6 54 7 5 20 5 23 8 45 12 6
internal_value=-1.01194e-11 3.37027e-05 0.00092663 0.000329036 0.00116264 -0.000133721 0.000102704 -0.00145845 0.0005451 -1.94118e-05 -0.00306129 -0.00345425
internal_weight=500 494 78 72 59 416 353 63 28 348 35 13
internal_count=500 494 78 72 59 416 353 63 28 348 35 13
is_linear=0
shrinkage=0.05


Tree=154
num_leaves=15
num_cat=0
split_feature=0 3 1 0 0 1 0 0 0 3 1 2 0 2
split_gain=0.0187622 0.11681 0.141446 0.290846 0.160061 0.127079 0.0849277 0.103441 0.0755079 0.059788 0.0253967 0.0212081 0.0187806 0.010632
threshold=0.19474735625807132 0.78860203189768197 37278851.120691575 0.20777350475420006 0.20668165337292546 29657652.81531053 0.18824753306410083 0.18537178563377474 0.17573872389883527 0.96751505213011391 54518487.037022479 1.0120822564198713 0.21310699299265343 0.83590214154044029
decision_type=2 2 2 2 2 2 2 2 2 2 2 2 2 2
left_child=6 5 4 -4 -3 -2 7 8 9 -1 -10 -8 13 -7
right_child=1 2 3 -5 -6 12 11 -9 10 -11 -12 -13 -14 -15
leaf_value=0.00015282651626869018 0.0040473036700859645 -0.0048089072729150459 0.012991229491308333 -0.00049129829567391432 0.0052720665931701664 -0.0052369808053804728 -0.0022783471555966471 0.00653336023290952 -0.0045062530465656879 -0.0048766773038854206 -0.00099261981279899687 -0.006116036574045817 -0.00055788394063711172 -0.0028066209827860198
leaf_weight=389 8.0000000000000018 8.9999999999999982 7.9999999999999991 7.9999999999999991 6.9999999999999991 9.0000000000000053 8.9999999999999982 5.9999999999999991 12.000000000000002 5.9999999999999991 8.9999999999999982 5.9999999999999991 4.9999999999999991 8.9999999999999982
leaf_count=389 8 9 8 8 7 9 9 6 12 6 9 6 5 9
internal_value=-4.98185e-12 0.000806672 0.00292574 0.00624997 -0.000398481 -0.00138076 -0.000116294 1.51208e-05 -7.88922e-05 7.6429e-05 -0.00300041 -0.00381342 -0.00326878 -0.0040218
internal_weight=500 63 32 16 16 31 437 422 416 395 21 15 23 18
internal_count=500 63 32 16 16 31 437 422 416 395 21 15 23 18
is_linear=0
shrinkage=0.05


Tree=155
num_leaves=13
num_cat=0
split_feature=1 1 1 2 2 3 1 1 0 1 2 1
split_gain=0.0176682 0.0253625 0.117346 0.0859781 0.181277 0.0786497 0.0540528 0.127084 0.0807731 0.0721689 0.0607308 0.012699
threshold=80496729.610140964 62861917.677182458 63764793.974376097 0.80713155513830392 0.75310600233385439 0.71592583388624653 54202888.031144448 53131714.977987416 0.17378863674831005 58872019.950320639 0.35624235968925838 58872019.950320639
decision_type=2 2 2 2 2 2 2 2 2 2 2 2
left_child=1 6 -3 4 -4 -5 7 10 11 -10 -1 -8
right_child=-2 2 3 5 -6 -7 8 -9 9 -11 -12 -13
leaf_value=-0.0037228891276754441 -0.0026969269635931901 0.0075782403349876409 0.00051665720355231314 0.00311828286697467 0.010614584783324972 -0.003372769780080056 -0.0030427755198130998 0.007272173774739106 -0.0016809053667303589 0.0058111811801791194 4.8146689002073084e-05 -0.0056218938103743963
leaf_weight=10.999999999999998 5.9999999999999991 5.9999999999999991 40 6.0000000000000027 4.9999999999999991 21 15.000000000000002 5.9999999999999991 8.9999999999999982 4.9999999999999991 363 6.9999999999999991
leaf_count=11 6 6 40 6 5 21 15 6 9 5 363 7
internal_value=5.17903e-12 3.27562e-05 0.000860131 0.000300288 0.00163865 -0.00193031 -0.000122376 5.30487e-05 -0.00197409 0.00099484 -6.27661e-05 -0.0038634
internal_weight=500 494 78 72 45 27 416 380 36 14 374 22
internal_count=500 494 78 72 45 27 416 380 36 14 374 22
is_linear=0
shrinkage=0.05


Tree=156
num_leaves=18
num_cat=0
split_feature=3 3 2 0 0 2 1 3 2 3 2 0 0 1 2 0 3
split_gain=0.017828 0.158831 0.271501 0.0910964 0.185723 0.217763 0.204335 0.13491 0.0944266 0.093754 0.0607068 0.143097 0.195087 0.0992899 0.0713309 0.063223 0.0553972
threshold=0.69696795425881686 0.71426166709560868 1.0423130105274516 0.12970069038568496 0.14043796210351381 0.46912601503461637 31322720.10163353 0.89646766993180826 0.9078459619800382 0.93521149499642442 0.94355427536571179 0.15545446376501085 0.121532113862122 76946545.079054013 1.005482484789932 0.21134354788729451 0.65716023183551153
decision_type=2 2 2 2 2 2 2 2 2 2 2 2 2 2 2 2 2
left_child=10 2 -2 7 5 -5 -6 8 -3 -9 13 12 14 15 -12 16 -1
right_child=1 3 -4 4 6 -7 -8 9 -10 -11 11 -13 -14 -15 -16 -17 -18
leaf_value=-0.0016988460387801754 0.012285092818949905 -0.0015702704370666584 -0.0029698983579874035 -0.0017602039128541949 -0.0031735203434329704 0.011541390823549592 0.0013371130145060307 0.0074398855368296313 -0.006642270491768916 -0.00046597557142376896 0.0048281681723892694 0.0071823347093803551 -0.0082906329738242288 0.0040748230846864844 7.4359708068709064e-06 0.0031745941191911697 -0.0051799562992528086
leaf_weight=40 6.9999999999999982 39 5 4.9999999999999991 34 7.9999999999999991 96 5.9999999999999991 11.999999999999998 9.9999999999999982 7.9999999999999991 6.9999999999999991 6.9999999999999991 6.9999999999999991 188 4.9999999999999991 15.999999999999998
leaf_count=40 7 39 5 5 34 8 96 6 12 10 8 7 7 7 188 5 16
internal_value=-5.73636e-12 0.000334104 0.00592885 1.44049e-05 0.000727226 0.00642539 0.000157409 -0.00150699 -0.00276368 0.00249872 -0.000266803 0.000153644 -8.87247e-05 -0.00156524 0.000204201 -0.00221246 -0.00269345
internal_weight=500 222 12 210 143 13 130 67 51 16 278 210 203 68 196 61 56
internal_count=500 222 12 210 143 13 130 67 51 16 278 210 203 68 196 61 56
is_linear=0
shrinkage=0.05


Tree=157
num_leaves=10
num_cat=0
split_feature=1 1 0 1 1 2 2 3 3
split_gain=0.0171635 0.0208705 0.0983941 0.0483591 0.0571199 0.130352 0.0462712 0.0278411 0.00384229
threshold=80496729.610140964 76946545.079054013 0.10406258932869002 72886611.689239442 63236572.214079112 0.59971613672775448 0.62295506405988166 0.76685804749778852 0.87120684950753768
decision_type=2 2 2 2 2 2 2 2 2
left_child=1 3 -3 4 6 -6 -1 -5 -9
right_child=-2 2 -4 7 5 -7 -8 8 -10
leaf_value=-0.0011437111551982954 -0.0026581251372893651 0.0074490718171000489 -0.0017344872201127664 -0.0057325320132076705 0.0053953897790052002 -0.00022641662267389997 0.00016291014256996584 -0.0022707165529330573 -0.00054641919726106732
leaf_weight=85 5.9999999999999991 4.9999999999999982 7 5.0000000000000027 15.999999999999998 29 334 5.9999999999999982 7
leaf_count=85 6 5 7 5 16 29 334 6 7
internal_value=-4.42087e-12 3.22849e-05 0.002092 -1.89942e-05 7.9648e-05 0.00177245 -0.000102156 -0.00256177 -0.00134225
internal_weight=500 494 12 482 464 45 419 18 13
internal_count=500 494 12 482 464 45 419 18 13
is_linear=0
shrinkage=0.05


Tree=158
num_leaves=13
num_cat=0
split_feature=0 3 3 3 0 0 0 0 0 2 2 2
split_gain=0.0165221 0.15408 0.132116 0.170271 0.20327 0.0328755 0.119911 0.0752944 0.0909603 0.0201208 0.0198911 0.0194372
threshold=0.20448175866875426 0.63672259678646526 0.69696795425881686 0.78860203189768197 0.20714345300783477 0.19655256149771846 0.19474735625807132 0.18824753306410083 0.18537178563377474 1.0120822564198713 0.94742509838763722 0.9078459619800382
decision_type=2 2 2 2 2 2 2 2 2 2 2 2
left_child=5 -2 -3 11 -5 6 7 8 -1 -9 -7 -4
right_child=1 2 3 4 -6 10 -8 9 -10 -11 -12 -13
leaf_value=-6.990017809410067e-05 -0.0072891141474246985 0.009620938897132874 -0.002126476953604392 0.011406344951440883 0.00040661265042477425 -0.00068599769147112974 0.0070113180205225948 -0.0020914089684892032 0.0061306455483039228 -0.0058294241161396115 -0.0043356484866568018 -0.0062081994116306299
leaf_weight=416 4.9999999999999991 4.9999999999999991 6.9999999999999982 6.0000000000000027 13.999999999999998 7.9999999999999982 5.9999999999999991 8.9999999999999982 5.9999999999999991 5.9999999999999991 7 5
leaf_count=416 5 5 7 6 14 8 6 9 6 6 7 5
internal_value=-8.39209e-12 0.000949129 0.00206241 0.000881385 0.00370653 -8.70381e-05 -9.08785e-06 -0.000105478 1.82592e-05 -0.00358662 -0.00238917 -0.00382719
internal_weight=500 42 37 32 20 458 443 437 422 15 15 12
internal_count=500 42 37 32 20 458 443 437 422 15 15 12
is_linear=0
shrinkage=0.05


Tree=159
num_leaves=16
num_cat=0
split_feature=3 3 0 0 1 3 0 0 3 2 1 0 2 1 1
split_gain=0.0163995 0.144182 0.087408 0.121246 0.0902481 0.0576194 0.084552 0.102857 0.0725273 0.0707763 0.242178 0.0688228 0.0633567 0.0227268 0.0291333
threshold=0.69696795425881686 0.70919554002528462 0.088456291409989271 0.09244838151414321 40763298.065043636 0.67502194440560037 0.090677156921139521 0.10790833968865811 0.67015469499907299 0.94355427536571179 48980423.254875787 0.15847635561431006 0.55099220571586482 46169482.165686823 64505629.807619773
decision_type=2 2 2 2 2 2 2 2 2 2 2 2 2 2 2
left_child=5 -2 13 -4 -5 8 -7 -8 9 12 -11 -9 -1 -3 -15
right_child=1 2 3 4 -6 6 7 11 -10 10 -12 -13 -14 14 -16
leaf_value=0.0011868697000094333 0.0065193743341498914 -0.0058560473689188534 0.0063853254425339408 0.0013870768440604399 -0.00083235227763882444 -0.0077379360484580153 0.0044610043366750058 -0.0073434104522069306 0.005397305575509867 -1.9169601654311921e-05 0.011127241253852845 0.00022972359632452327 -0.0028569151077566571 0.00078825002536177648 -0.0043794855475425718
leaf_weight=12.999999999999998 8.9999999999999982 6.0000000000000027 7.9999999999999991 79 109 6.0000000000000027 6.0000000000000027 5.9999999999999982 5.9999999999999991 192 4.9999999999999991 6 38 4.9999999999999982 6
leaf_count=13 9 6 8 79 109 6 6 6 6 192 5 6 38 5 6
internal_value=-1.12042e-11 0.00032044 5.85133e-05 0.000356813 0.00010028 -0.000255891 -0.00259765 -0.000884228 -3.4622e-05 -0.00016604 0.000263734 -0.00355684 -0.00182615 -0.0033807 -0.00203051
internal_weight=500 222 213 196 188 278 24 18 254 248 197 12 51 17 11
internal_count=500 222 213 196 188 278 24 18 254 248 197 12 51 17 11
is_linear=0
shrinkage=0.05


Tree=160
num_leaves=19
num_cat=0
split_feature=2 2 3 3 3 0 0 3 3 0 5 2 3 2 1 1 2 2
split_gain=0.0171705 0.0520916 0.0856239 0.0389668 0.162563 0.191743 0.26613 0.145779 0.12087 0.356106 0.15888 0.105524 0.0950527 0.352318 0.0882041 0.0328245 0.0175357 0.0166388
threshold=0.39947098963010369 0.38322672097508065 0.71426166709560868 0.69696795425881686 0.73374170893331259 0.17378863674831005 0.12472729904218842 0.75865573055364488 0.64309623832256835 0.084723922286214656 0.93097447297900671 0.9078459619800382 0.63264271936030636 0.8897073149864767 58872019.950320639 29657652.81531053 0.33457010229389 0.78078515184979103
decision_type=2 2 2 2 2 2 2 2 2 2 2 2 2 2 2 2 2 2
left_child=1 2 -1 8 5 6 -5 17 12 -10 -11 -9 14 -14 -2 -4 -17 -6
right_child=3 -3 15 4 7 -7 -8 11 9 10 -12 -13 13 -15 -16 16 -18 -19
leaf_value=0.0047941483557224253 -0.00026947021861815299 -0.0043465720314998183 0.0018028123304247843 0.0023246820084750638 -0.0026017676961297793 -0.0034086467853436868 0.014592129098517554 0.001407841018446115 0.007885585193123136 -0.0054259211350408563 0.0040701406990410766 -0.0013979804308310495 -0.0053527572269861899 0.010289024934172631 0.0058831101108808076 -0.0011471282358148269 -0.0046862680930644272 -0.006000988899419705
leaf_weight=7.0000000000000027 200 8.9999999999999982 5.0000000000000027 12.000000000000005 5.9999999999999991 5.9999999999999991 6.9999999999999991 106 6.9999999999999991 37 4.9999999999999991 49 5.9999999999999991 8.9999999999999982 5.9999999999999991 6.9999999999999982 7 8.9999999999999982
leaf_count=7 200 9 5 12 6 6 7 106 7 37 5 49 6 9 6 7 7 9
internal_value=2.09329e-12 -0.00106799 6.68971e-05 8.03867e-05 0.000618973 0.00438357 0.00684427 6.53565e-05 -0.000308593 -0.00255529 -0.00429544 0.000520839 0.000189544 0.00403231 -9.02688e-05 -0.00167472 -0.0029167 -0.0046413
internal_weight=500 35 26 465 195 25 19 170 270 49 42 155 221 15 206 19 14 15
internal_count=500 35 26 465 195 25 19 170 270 49 42 155 221 15 206 19 14 15
is_linear=0
shrinkage=0.05


Tree=161
num_leaves=17
num_cat=0
split_feature=1 1 3 3 0 0 1 2 1 2 3 1 2 3 2 1
split_gain=0.0156857 0.176512 0.120052 0.0964094 0.125314 0.247019 0.102148 0.0894587 0.0889534 0.0808547 0.0771426 0.127587 0.101317 0.0460396 0.0115246 0.0012772
threshold=25269378.469503615 27235687.206593271 0.80619229066121767 0.65716023183551153 0.13575649475962806 0.095767180104694608 23215005.995092433 0.85190247233112748 27832841.967075996 1.1690469020617735 0.60591661398196006 45366399.603806615 1.1094753541910267 0.90645300619107705 0.54413129008106098 19538541.118684847
decision_type=2 2 2 2 2 2 2 2 2 2 2 2 2 2 2 2
left_child=2 9 3 6 5 -5 7 -1 -3 -2 11 -10 -12 15 -15 -4
right_child=1 8 13 4 -6 -7 -8 -9 10 -11 12 -13 -14 14 -16 -17
leaf_value=-0.0066959509812295447 0.0094553547246115557 -0.006067140175340077 -0.0057961956411600084 0.0001029101976503928 -0.0022525847889482975 0.011060943951209386 -0.0055688747929202188 9.0845126899131138e-05 0.0068300228565931322 0.0020971115736756474 0.00019143313154030891 -0.0029521128535270691 -0.0035321513342205439 9.9192149937152871e-05 -0.0031510684716825679 -0.006926328092813492
leaf_weight=4.9999999999999991 6.9999999999999991 5.9999999999999991 5.0000000000000018 12.000000000000005 8.9999999999999982 8.9999999999999982 8.9999999999999982 168 9.9999999999999982 7.9999999999999991 211 4.9999999999999991 20 4.9999999999999982 6 5
leaf_count=5 7 6 5 12 9 9 9 168 10 8 211 5 20 5 6 5
internal_value=4.67408e-12 0.000261613 -0.000299788 5.74175e-05 0.00268367 0.00479921 -0.000375482 -0.000105305 -5.20389e-05 0.00553096 9.46708e-05 0.00356931 -0.000130955 -0.00390586 -0.00167368 -0.00636126
internal_weight=500 267 233 212 30 21 182 173 252 15 246 15 231 21 11 10
internal_count=500 267 233 212 30 21 182 173 252 15 246 15 231 21 11 10
is_linear=0
shrinkage=0.05


Tree=162
num_leaves=12
num_cat=0
split_feature=0 3 3 0 3 0 0 0 0 2 2
split_gain=0.017289 0.132806 0.114428 0.152709 0.0952445 0.0276182 0.107522 0.0611484 0.0845518 0.0193074 0.0163719
threshold=0.20448175866875426 0.63672259678646526 0.69696795425881686 0.20540343408968906 0.76119402751507426 0.19655256149771846 0.19474735625807132 0.18824753306410083 0.18537178563377474 1.0120822564198713 0.94742509838763722
decision_type=2 2 2 2 2 2 2 2 2 2 2
left_child=5 -2 -3 -4 -5 6 7 8 -1 -9 -7
right_child=1 2 3 4 -6 10 -8 9 -10 -11 -12
leaf_value=-8.2351651106084614e-05 -0.0066774712875485422 0.0090388578921556471 0.008931813351809979 -0.0056006912275084406 0.0011758469929918647 -0.00065390072413720204 0.0066302621737122543 -0.0017813208370676473 0.0058957800890008611 -0.0054430002501855293 -0.0039649956460509981
leaf_weight=416 4.9999999999999991 4.9999999999999991 4.9999999999999991 7.0000000000000027 20 7.9999999999999982 5.9999999999999991 8.9999999999999982 5.9999999999999991 5.9999999999999991 7
leaf_count=416 5 5 5 7 20 8 6 9 6 6 7
internal_value=6.83067e-12 0.000970907 0.00200447 0.000905349 -0.000581033 -8.90351e-05 -1.7589e-05 -0.000108864 2.64548e-06 -0.00324599 -0.00219908
internal_weight=500 42 37 32 27 458 443 437 422 15 15
internal_count=500 42 37 32 27 458 443 437 422 15 15
is_linear=0
shrinkage=0.05


Tree=163
num_leaves=14
num_cat=0
split_feature=3 3 3 0 1 1 1 3 3 0 2 1 1
split_gain=0.0164509 0.0818044 0.0352447 0.0474503 0.0360163 0.0299514 0.178407 0.11765 0.120263 0.0906309 0.0660273 0.0239301 0.011735
threshold=0.92666006636939968 0.91931912444600805 0.95275346260874871 0.14217993263643372 67283516.175276861 37278851.120691575 39084627.645080902 0.81973361190782346 0.76287168822528961 0.081864446318665851 0.61265759375025286 34684127.458530657 30251106.290878318
decision_type=2 2 2 2 2 2 2 2 2 2 2 2 2
left_child=1 5 3 -2 12 7 -7 8 -1 -8 -9 -5 -4
right_child=2 -3 4 11 -6 6 9 10 -10 -11 -12 -13 -14
leaf_value=-0.00037117808670048729 -0.0058122157385306671 0.0058802655587593712 0.00029927759896963824 -0.0031009002588689334 -0.003071549620945007 0.0073850413473943877 0.0067719094175845394 -0.00024710427304463714 0.0032679846212267877 -6.8877807177688456e-05 -0.0063574924638184413 0.0015826781125118335 0.0033126894052007369
leaf_weight=247 7.0000000000000027 5.9999999999999991 6.0000000000000018 4.9999999999999982 4.9999999999999991 8.9999999999999982 4.9999999999999991 7.0000000000000027 25 153 11.999999999999998 6 7
leaf_count=247 7 6 6 5 5 9 5 7 25 153 12 6 7
internal_value=-5.51227e-12 7.98862e-05 -0.00102964 -0.00259411 0.000534819 3.8987e-06 0.000537644 -0.000302409 -3.66962e-05 0.000147603 -0.0041063 -0.000546221 0.00192188
internal_weight=500 464 36 18 18 458 167 291 272 158 19 11 13
internal_count=500 464 36 18 18 458 167 291 272 158 19 11 13
is_linear=0
shrinkage=0.05


Tree=164
num_leaves=19
num_cat=0
split_feature=2 2 3 3 3 1 1 3 3 0 5 2 1 4 4 1 3 2
split_gain=0.01655 0.045934 0.0762024 0.0353115 0.146694 0.178047 0.341172 0.130818 0.112862 0.321437 0.13873 0.085534 0.0842498 0.339118 0.0649294 0.0278997 0.0170897 0.015451
threshold=0.39947098963010369 0.38322672097508065 0.71426166709560868 0.69696795425881686 0.73374170893331259 32716568.083830956 68553695.411543861 0.75865573055364488 0.64309623832256835 0.084723922286214656 0.93097447297900671 0.9078459619800382 14116205.196583694 1.0000000180025095e-35 0.92501905445236676 29657652.81531053 0.74201787102176142 0.33457010229389
decision_type=2 2 2 2 2 2 2 2 2 2 2 2 2 2 2 2 2 2
left_child=1 2 -1 8 5 -5 -7 16 12 -10 -11 -9 13 -2 -14 -4 -6 -17
right_child=3 -3 15 4 7 6 -8 11 9 10 -12 -13 14 -15 -16 17 -18 -19
leaf_value=0.0044767817216260072 -0.011390410456806423 -0.0041272261981955835 0.0015802416950464239 -0.0014583328324887482 -0.0025886766146868468 0.012987938039004804 -0.0020934394871195156 0.0012957827378073182 0.0074572687702519555 -0.0051720103311881024 0.0037014753650873901 -0.001230338847084085 0.0021364743585068294 -4.6551333915496282e-05 -0.00053959151298519877 -0.00110978956467339 -0.0059715750860050328 -0.0044318997334422804
leaf_weight=7.0000000000000027 6.9999999999999991 8.9999999999999982 5.0000000000000027 9.0000000000000018 6.9999999999999991 9.9999999999999982 5.9999999999999991 106 6.9999999999999991 37 4.9999999999999991 49 68 112 34 6.9999999999999982 7.9999999999999991 7
leaf_count=7 7 9 5 9 7 10 6 106 7 37 5 49 68 112 34 7 8 7
internal_value=-8.71078e-12 -0.00104852 1.71867e-05 7.89208e-05 0.000591625 0.00416775 0.00733242 6.57237e-05 -0.000291365 -0.00246237 -0.00411564 0.000497202 0.000189989 -0.000713837 0.00124445 -0.00162582 -0.00439289 -0.00277084
internal_weight=500 35 26 465 195 25 16 170 270 49 42 155 221 119 102 19 15 14
internal_count=500 35 26 465 195 25 16 170 270 49 42 155 221 119 102 19 15 14
is_linear=0
shrinkage=0.05


Tree=165
num_leaves=14
num_cat=0
split_feature=3 3 3 2 2 1 0 3 0 3 0 0 0
split_gain=0.0158481 0.0736538 0.0345459 0.0397903 0.0603696 0.0435488 0.02761 0.158647 0.17833 0.0660927 0.032299 0.205185 0.191283
threshold=0.92666006636939968 0.91931912444600805 0.9390680710365481 0.48162845345967126 0.6319644559465265 32716568.083830956 0.20448175866875426 0.78860203189768197 0.20777350475420006 0.63672259678646526 0.10406258932869002 0.096962406597327036 0.11226898139529641
decision_type=2 2 2 2 2 2 2 2 2 2 2 2 2
left_child=1 6 -2 -4 -5 -6 10 9 -9 -8 11 -1 -12
right_child=2 -3 3 4 5 -7 7 8 -10 -11 12 -13 -14
leaf_value=-0.00023025030039005085 -0.0036933394562866958 0.0055822458118200309 -0.0041426295414566964 0.0050758298098420073 0.0025623952659467857 -0.0028257895295973872 -0.006440931633114811 0.011957896252473196 0.00082955615750203524 9.8629378001479544e-05 -0.0049765175716443497 0.0045652213469147681 -1.6661580933626005e-05
leaf_weight=207 8.9999999999999982 5.9999999999999991 5.0000000000000027 6.0000000000000027 5.9999999999999991 9.9999999999999982 5.0000000000000027 5.9999999999999991 8.9999999999999982 17 22 25 167
leaf_count=207 9 6 5 6 6 10 5 6 9 17 22 25 167
internal_value=4.61732e-12 7.84089e-05 -0.0010106 -0.000116359 0.000798703 -0.00080522 6.30628e-06 0.00131582 0.00528089 -0.00138763 -0.000108782 0.000286503 -0.000593999
internal_weight=500 464 36 27 22 16 458 37 15 22 421 232 189
internal_count=500 464 36 27 22 16 458 37 15 22 421 232 189
is_linear=0
shrinkage=0.05


Tree=166
num_leaves=11
num_cat=0
split_feature=0 0 2 3 3 4 4 0 4 2
split_gain=0.0159903 0.0268555 0.148121 0.0186818 0.050556 0.161432 0.0304054 0.0243691 0.00438668 0.0038223
threshold=0.021874668935624762 0.027811807773157646 1.8792814493059768 0.35867497782942442 0.43281035572577192 1.90532718231892 1.0689004345059223 0.062371090452878919 2.0375760751103269 1.5748116017521616
decision_type=2 2 2 2 2 2 2 2 2 2
left_child=8 2 -2 6 5 -5 -3 -6 -1 -8
right_child=1 3 -4 4 7 -7 9 -9 -10 -11
leaf_value=0.0029790446627885113 -0.0089513783156871807 0.0047932818904519049 0.0023163146106526251 -0.010285931117832653 0.0014965573601700643 0.00040742162185930893 0.0017373052425682532 -5.495650903025542e-05 0.00097377109729374447 0.00018357250343174921
leaf_weight=4.9999999999999982 4.9999999999999982 5.0000000000000027 7 5.0000000000000027 27 11.999999999999998 5.0000000000000027 404 6 19
leaf_count=5 5 5 7 5 27 12 5 404 6 19
internal_value=-6.45268e-12 -4.24087e-05 -0.00237856 1.63623e-05 -6.32499e-05 -0.00273768 0.00124623 4.22381e-05 0.00188526 0.000507267
internal_weight=500 489 12 477 448 17 29 431 11 24
internal_count=500 489 12 477 448 17 29 431 11 24
is_linear=0
shrinkage=0.05


Tree=167
num_leaves=14
num_cat=0
split_feature=2 2 3 0 0 2 3 0 0 0 1 1 2
split_gain=0.0147603 0.0416388 0.0675904 0.0310738 0.116347 0.0661009 0.0864256 0.0610527 0.0762699 0.0697743 0.0239865 0.0163203 0.0142997
threshold=0.39947098963010369 0.38322672097508065 0.71426166709560868 0.19474735625807132 0.19655256149771846 0.55099220571586482 0.66307980895517749 0.18824753306410083 0.18537178563377474 0.17573872389883527 29657652.81531053 31517008.618871022 0.33457010229389
decision_type=2 2 2 2 2 2 2 2 2 2 2 2 2
left_child=1 2 -1 7 -5 -6 -7 8 9 -2 -4 -9 -12
right_child=3 -3 10 4 5 6 -8 11 -10 -11 12 -13 -14
leaf_value=0.0042244981442178973 0.00011516317524729928 -0.0039214391028508542 0.001449804473668336 0.0084726067632436754 0.004948551327522312 0.0047506560438445641 -0.0013502539382042253 -0.0010269679501652719 0.0056367322802543642 -0.0028473755627471424 -0.00098664394712873887 -0.0045897714431501098 -0.0041825950428444362
leaf_weight=7.0000000000000027 371 8.9999999999999982 5.0000000000000027 4.9999999999999991 6.9999999999999991 6.9999999999999991 34 4.9999999999999991 5.9999999999999991 21 6.9999999999999982 8.9999999999999982 7
leaf_count=7 371 9 5 5 7 7 34 5 6 21 7 9 7
internal_value=-3.63871e-12 -0.000990203 2.44552e-05 7.45314e-05 0.00121413 0.000458038 -0.000308635 -7.20673e-05 4.20881e-05 -4.35443e-05 -0.00152293 -0.00331734 -0.00258462
internal_weight=500 35 26 465 53 48 41 412 398 392 19 14 14
internal_count=500 35 26 465 53 48 41 412 398 392 19 14 14
is_linear=0
shrinkage=0.05


Tree=168
num_leaves=9
num_cat=0
split_feature=0 0 2 0 2 4 2 4
split_gain=0.0143386 0.0243658 0.133679 0.0182547 0.0214111 0.119393 0.0863612 0.00395898
threshold=0.021874668935624762 0.027811807773157646 1.8792814493059768 0.034426002671357606 1.3781167109236783 0.98387270160717677 1.2817421271464264 2.0375760751103269
decision_type=2 2 2 2 2 2 2 2
left_child=7 2 -2 -3 6 -6 -5 -1
right_child=1 3 -4 4 5 -7 -8 -9
leaf_value=0.0028243342600762851 -0.0085095676034688972 0.0027563383734862633 0.0021947407496294802 -3.6925122200386133e-06 -0.0032038388555520217 0.00040983228258937741 0.0036475354654933604 0.0009193244038518362
leaf_weight=4.9999999999999982 4.9999999999999982 5.9999999999999991 7 342 32 80 17 6
leaf_count=5 5 6 7 342 32 80 17 6
internal_value=-3.68382e-12 -4.01587e-05 -0.00226539 1.58219e-05 -1.90892e-05 -0.000622645 0.000169207 0.00178524
internal_weight=500 489 12 477 471 112 359 11
internal_count=500 489 12 477 471 112 359 11
is_linear=0
shrinkage=0.05


Tree=169
num_leaves=17
num_cat=0
split_feature=1 1 3 2 2 1 1 1 2 1 2 2 2 2 0 0
split_gain=0.013848 0.107809 0.0889326 0.091279 0.22932 0.0855623 0.0812645 0.162391 0.21258 0.116787 0.0734966 0.0577367 0.0442038 0.0221079 0.0157367 0.00872835
threshold=48181283.067253701 49749685.63067887 0.64000102010799476 0.48522677480393667 0.42585241740730273 53131714.977987416 40763298.065043636 37278851.120691575 0.94355427536571179 36335723.824365377 0.44541709677087155 0.66769136443278354 0.35624235968925838 0.77419641750829771 0.19106250732326452 0.10053124318826835
decision_type=2 2 2 2 2 2 2 2 2 2 2 2 2 2 2 2
left_child=6 -2 11 4 -4 -5 7 9 13 12 -8 -3 -1 -9 15 -12
right_child=1 2 3 5 -6 -7 10 8 -10 -11 14 -13 -14 -15 -16 -17
leaf_value=-0.0046914784424006949 0.0057099708666404096 0.00040666934102773678 -0.00070324651526541186 -0.0063958895060100733 0.0087708707174493205 -0.00065468607439000286 0.0026661309739574772 0.003271872927434743 0.013547687679529193 -0.0058092365455296308 -0.0030196041613817174 0.00768164632221063 4.9194941820062521e-05 -0.0014300297573208807 -0.0015837494144216183 -0.0055060841608792549
leaf_weight=4.9999999999999991 8.9999999999999982 4.9999999999999982 22.000000000000004 6.9999999999999991 8.9999999999999982 89 5.0000000000000027 4.9999999999999982 4.9999999999999991 8.9999999999999982 5.0000000000000062 6 297 5 4.9999999999999991 11.999999999999998
leaf_count=5 9 5 22 7 9 89 5 5 5 9 5 6 297 5 5 12
internal_value=-7.39237e-12 0.000407763 6.19663e-05 -0.00031159 0.0020473 -0.00107332 -0.000169805 4.85216e-05 0.00512984 -0.000196558 -0.00280589 0.00437484 -2.9293e-05 0.000920922 -0.00404954 -0.00477477
internal_weight=500 147 138 127 31 96 353 326 15 311 27 11 302 10 22 17
internal_count=500 147 138 127 31 96 353 326 15 311 27 11 302 10 22 17
is_linear=0
shrinkage=0.05


Tree=170
num_leaves=13
num_cat=0
split_feature=1 1 1 3 0 0 3 3 1 1 3 1
split_gain=0.013646 0.0200232 0.0926723 0.073096 0.175418 0.133331 0.0441812 0.216757 0.0719062 0.239422 0.0380779 0.0323298
threshold=80496729.610140964 62861917.677182458 63764793.974376097 0.68461762378820035 0.10053124318826835 0.1476614970036739 0.85038780158419358 0.84219942933568659 36335723.824365377 28641600.513857499 0.81973361190782346 53131714.977987416
decision_type=2 2 2 2 2 2 2 2 2 2 2 2
left_child=1 6 -3 5 -5 -4 7 10 9 -8 -1 -10
right_child=-2 2 3 4 -6 -7 8 -9 11 -11 -12 -13
leaf_value=5.7053733889537924e-05 -0.0023701512060749037 0.006734123701850574 0.010006722733378413 -0.0058022200129926212 0.00092951566539704812 -0.0015401798905804751 -0.0023881105071632187 0.010443299384787679 -0.0040242548132399941 0.0078464873644406904 -0.0028091916756238788 -0.00079792337492108352
leaf_weight=337 5.9999999999999991 5.9999999999999991 4.9999999999999982 11.999999999999998 50 5 20.000000000000004 4.9999999999999991 22 7.9999999999999991 11.999999999999998 11.999999999999998
leaf_count=337 6 6 5 12 50 5 20 5 22 8 12 12
internal_value=-3.56522e-13 2.87873e-05 0.000763931 0.000266415 -0.000373401 0.00423327 -0.000109052 0.000106591 -0.00134031 0.00053606 -4.14991e-05 -0.00288555
internal_weight=500 494 78 72 62 10 416 354 62 28 349 34
internal_count=500 494 78 72 62 10 416 354 62 28 349 34
is_linear=0
shrinkage=0.05


Tree=171
num_leaves=16
num_cat=0
split_feature=3 3 2 3 3 0 3 1 0 2 0 0 2 0 3
split_gain=0.014417 0.117605 0.219739 0.0813395 0.125102 0.355857 0.121956 0.0472141 0.138356 0.0791749 0.106761 0.320538 0.0614742 0.0768004 0.0605802
threshold=0.69696795425881686 0.71426166709560868 1.0423130105274516 0.71782652178146222 0.73374170893331259 0.1502609945083721 0.75865573055364488 70093894.429245129 0.10406258932869002 0.94355427536571179 0.15545446376501085 0.12273913021040798 0.4589518729382645 0.1862917456646643 0.63672259678646526
decision_type=2 2 2 2 2 2 2 2 2 2 2 2 2 2 2
left_child=7 2 -2 -3 5 -5 -6 9 -9 12 11 -11 14 -14 -1
right_child=1 3 -4 4 6 -7 -8 8 -10 10 -12 -13 13 -15 -16
leaf_value=-0.0019160803224492291 0.01083298841757434 -0.0057125180338819829 -0.0028910021483898162 -0.0021301335522106719 -0.0040333921089768408 0.01533469059737399 0.00028986743450279873 0.0092583596706390381 -0.0011151889998776219 0.00016115782007564399 0.0061247978359460836 -0.012658235430717469 -0.0042756698154393707 0.0004353447662045558 0.0052898792736232273
leaf_weight=6.9999999999999982 6.9999999999999982 5.9999999999999991 5 6.9999999999999982 18 5 174 4.9999999999999991 8.9999999999999982 197 6.9999999999999991 4.9999999999999991 31 11.999999999999998 5
leaf_count=7 7 6 5 7 18 5 174 5 9 197 7 5 31 12 5
internal_value=-7.24976e-12 0.000300447 0.00511466 2.5349e-05 0.00019411 0.00514688 -0.000115438 -0.000239925 0.00258965 -0.000389978 5.42129e-05 -0.000156154 -0.00207791 -0.00296097 0.0010864
internal_weight=500 222 12 210 204 12 192 278 14 264 209 202 55 43 12
internal_count=500 222 12 210 204 12 192 278 14 264 209 202 55 43 12
is_linear=0
shrinkage=0.05


Tree=172
num_leaves=19
num_cat=0
split_feature=1 1 2 2 0 2 2 2 3 2 2 2 1 3 2 3 1 0
split_gain=0.0162759 0.0630892 0.145905 0.383046 0.0807375 0.101348 0.0400537 0.0820323 0.169633 0.157478 0.0748856 0.120061 0.0845288 0.0334127 0.0505347 0.0154549 0.00502397 0.00381305
threshold=71741223.639172241 63236572.214079112 0.59971613672775448 0.46770740822272289 0.10183153446435571 0.78078515184979103 0.62295506405988166 0.66461510018434133 0.73014907051824551 0.70700451818048815 0.48522677480393667 0.46912601503461637 36335723.824365377 0.69089484901759801 0.66769136443278354 0.73374170893331259 74772583.419088602 0.12472729904218842
decision_type=2 2 2 2 2 2 2 2 2 2 2 2 2 2 2 2 2 2
left_child=1 6 3 -3 -4 -6 10 8 -8 -9 11 -1 -12 14 -2 -15 -17 -18
right_child=13 2 4 -5 5 -7 7 9 -10 -11 12 -13 -14 15 -16 16 17 -19
leaf_value=-0.00078309442733927651 -0.0014544765464961531 -0.0010658328188583256 -0.0048351365540708797 0.015646571169296897 -0.0032099091082013068 0.0044861544981937519 -0.0024549762718379499 -0.0088138353079557415 0.0086666624993085861 0.00012981175702378328 0.00068224846385419354 0.0067103145799289159 -0.0049478755774907774 -0.0041036854963749621 0.0051269727887120094 -0.0023938936480720121 -0.001816241132716337 -0.00024927807548506695
leaf_weight=49 6.9999999999999982 7.9999999999999982 7.0000000000000027 6 7.0000000000000027 10.999999999999998 5.9999999999999991 4.9999999999999991 7.9999999999999991 315 10.000000000000002 5.9999999999999991 20 6.0000000000000027 5 7.0000000000000027 6.0000000000000027 10.999999999999998
leaf_count=49 7 8 7 6 7 11 6 5 8 315 10 6 20 6 5 7 6 11
internal_value=2.40134e-12 8.63872e-05 0.00200988 0.00609663 -0.000278705 0.00149324 -9.26487e-05 0.000153967 0.00390025 -9.93273e-06 -0.0010617 3.43684e-05 -0.00307117 -0.000942032 0.00128779 -0.00183396 -0.00126653 -0.000802324
internal_weight=500 458 39 14 25 18 419 334 14 320 85 55 30 42 12 30 24 17
internal_count=500 458 39 14 25 18 419 334 14 320 85 55 30 42 12 30 24 17
is_linear=0
shrinkage=0.05


Tree=173
num_leaves=15
num_cat=0
split_feature=3 3 2 3 2 1 2 0 3 2 3 3 3 2
split_gain=0.0156697 0.0701336 0.151431 0.0312571 0.032128 0.0721737 0.102137 0.0241592 0.146616 0.172081 0.0672148 0.0397088 0.151218 0.0572363
threshold=0.92666006636939968 0.91231536265097446 0.9140743167845925 0.9390680710365481 0.99428373094646394 67283516.175276861 0.50721516932365696 0.20448175866875426 0.78860203189768197 0.75310600233385439 0.63672259678646526 0.77608994270380505 0.75865573055364488 0.48522677480393667
decision_type=2 2 2 2 2 2 2 2 2 2 2 2 2 2
left_child=1 7 -3 -2 5 6 -5 11 10 -10 -9 12 -1 -13
right_child=3 2 -4 4 -6 -7 -8 8 9 -11 -12 13 -14 -15
leaf_value=-0.00010169379914963606 -0.0035567424674001012 0.0094674441963434244 -0.0017661036923527715 -0.003213367704302068 -0.0033810256049036981 -0.0038670397344200561 0.0055389532772824176 -0.0064928981289267499 0.00064115446681777639 0.011572776761992525 0.00010194298263420078 0.0011019190512698792 0.0052108046166332708 -0.0017834937696427329
leaf_weight=310 8.9999999999999982 5.9999999999999982 6 5.0000000000000062 5.9999999999999991 5.9999999999999991 9.9999999999999982 5.0000000000000027 8.9999999999999982 5.9999999999999991 17 23 13.999999999999998 68
leaf_count=310 9 6 6 5 6 6 10 5 9 6 17 23 14 68
internal_value=5.21231e-12 7.79663e-05 0.00385067 -0.0010049 -0.000154285 0.000767641 0.00262151 -2.21939e-05 0.00120204 0.0050138 -0.00139688 -0.000131343 0.000127859 -0.00105421
internal_weight=500 464 12 36 27 21 15 452 37 15 22 415 324 91
internal_count=500 464 12 36 27 21 15 452 37 15 22 415 324 91
is_linear=0
shrinkage=0.05


Tree=174
num_leaves=21
num_cat=0
split_feature=1 1 2 2 0 2 2 2 0 2 2 2 1 1 3 2 2 0 0 3
split_gain=0.0141839 0.0563744 0.129037 0.343672 0.0714723 0.089055 0.0367795 0.0735288 0.157315 0.141448 0.0672865 0.108573 0.0722394 0.0319534 0.0535245 0.0459084 0.0153985 0.00914765 0.00190902 0.000967142
threshold=71741223.639172241 63236572.214079112 0.59971613672775448 0.46770740822272289 0.10183153446435571 0.78078515184979103 0.62295506405988166 0.66461510018434133 0.15796267809617437 0.70700451818048815 0.48522677480393667 0.46912601503461637 36335723.824365377 76337566.728580028 0.69089484901759801 0.56547176557247403 0.8845661137394919 0.12472729904218842 0.15796267809617437 0.86498227069656319
decision_type=2 2 2 2 2 2 2 2 2 2 2 2 2 2 2 2 2 2 2 2
left_child=1 6 3 -3 -4 -6 10 8 -8 -9 11 -1 -12 15 -15 -2 18 -16 -17 -19
right_child=13 2 4 -5 5 -7 7 9 -10 -11 12 -13 -14 14 17 16 -18 19 -20 -21
leaf_value=-0.00075559309583955584 -0.0059549104577551254 -0.0010421895887702706 -0.0045403677872465241 0.014787971476713816 -0.002994862544749463 0.0042193705173717306 0.0089947108711515168 -0.008351240977644921 -0.0016056621713297706 0.00012499380354104992 0.00054787564091384388 0.0063702750174949576 -0.0046569078206084675 0.004490948282182214 -0.0028429758176207543 -0.0026036050496622927 0.0014855887833982707 -0.00071539136544743111 -0.0012219335231930016 0.00026804222259670492
leaf_weight=49 6.0000000000000027 7.9999999999999982 7.0000000000000027 6 7.0000000000000027 10.999999999999998 6.9999999999999982 4.9999999999999991 7 315 10.000000000000002 5.9999999999999991 20 6.0000000000000027 4.9999999999999991 4.9999999999999982 4.9999999999999991 4.9999999999999982 5 5
leaf_count=49 6 8 7 6 7 11 7 5 7 315 10 6 20 6 5 5 5 5 5 5
internal_value=2.49183e-12 8.06444e-05 0.00189889 0.00574217 -0.000253341 0.00141384 -8.85958e-05 0.000147725 0.00369452 -7.44736e-06 -0.0010172 2.17743e-05 -0.00292198 -0.000879408 0.000499717 -0.00225853 -0.000779983 -0.00109677 -0.00191277 -0.000223675
internal_weight=500 458 39 14 25 18 419 334 14 320 85 55 30 42 21 21 15 15 10 10
internal_count=500 458 39 14 25 18 419 334 14 320 85 55 30 42 21 21 15 15 10 10
is_linear=0
shrinkage=0.05


Tree=175
num_leaves=13
num_cat=0
split_feature=3 3 1 1 3 1 0 3 3 2 1 2
split_gain=0.0149744 0.0639971 0.0276261 0.144032 0.105976 0.109038 0.0822967 0.0601274 0.0261514 0.0282632 0.0643718 0.0906635
threshold=0.92666006636939968 0.91931912444600805 37278851.120691575 39084627.645080902 0.81973361190782346 36335723.824365377 0.081864446318665851 0.88489741613871675 0.9390680710365481 0.99428373094646394 67283516.175276861 0.50721516932365696
decision_type=2 2 2 2 2 2 2 2 2 2 2 2
left_child=1 2 4 -4 5 -1 -5 -6 -2 10 11 -10
right_child=8 -3 3 6 7 -7 -8 -9 9 -11 -12 -13
leaf_value=0.00011736703967056415 -0.0033164936117827896 0.0052065836886564893 0.0066740801557898521 0.0064835424395278092 -0.0060436620784457759 -0.0066986024690171078 -3.512852250376193e-05 -0.00021265995871674805 -0.0030861782468855339 -0.0032307543015728394 -0.0037166240663888553 0.0051598874246701603
leaf_weight=266 8.9999999999999982 5.9999999999999991 8.9999999999999982 4.9999999999999991 12.000000000000002 5.9999999999999991 153 6.9999999999999991 5.0000000000000062 5.9999999999999991 5.9999999999999991 9.9999999999999982
leaf_count=266 9 6 9 5 12 6 153 7 5 6 6 10
internal_value=-9.65406e-12 7.62171e-05 9.00704e-06 0.000521615 -0.00028517 -3.29852e-05 0.000171159 -0.0038954 -0.000982354 -0.000204307 0.000660392 0.0024112
internal_weight=500 464 458 167 291 272 158 19 36 27 21 15
internal_count=500 464 458 167 291 272 158 19 36 27 21 15
is_linear=0
shrinkage=0.05


Tree=176
num_leaves=17
num_cat=0
split_feature=1 1 3 3 0 0 1 1 2 3 3 3 3 3 2 0
split_gain=0.0143302 0.155479 0.110732 0.0764571 0.114444 0.221989 0.090581 0.0762504 0.0753432 0.0742591 0.06759 0.110972 0.0937278 0.0343712 0.0118084 0.00107158
threshold=25269378.469503615 27235687.206593271 0.80619229066121767 0.65716023183551153 0.13575649475962806 0.095767180104694608 23215005.995092433 27832841.967075996 0.85190247233112748 0.64984156452317865 0.60591661398196006 0.57767793925023125 0.68908565456125126 0.90645300619107705 0.54413129008106098 0.19043346004160749
decision_type=2 2 2 2 2 2 2 2 2 2 2 2 2 2 2 2
left_child=2 9 3 6 5 -5 8 -3 -1 -2 11 -9 -12 15 -15 -4
right_child=1 7 13 4 -6 -7 -8 10 -10 -11 12 -13 -14 14 -16 -17
leaf_value=-0.0061229439824819565 0.0019046722154598687 -0.0056133891300608717 -0.0053537910059094397 -3.503270563669501e-05 -0.0023220306365854212 0.010353011596533988 -0.0052195085212588315 -0.0012536468616287624 0.00010543946973051615 0.0089564168027469089 -0.0019213429503989491 0.0073667810764163734 0.00044333789218481716 -2.6563946157693869e-05 -0.0033166104306777315 -0.0063889622688293448
leaf_weight=4.9999999999999991 7.9999999999999982 5.9999999999999991 5.0000000000000018 12.000000000000005 8.9999999999999982 8.9999999999999982 8.9999999999999982 6.9999999999999991 168 7 55 7.9999999999999991 176 4.9999999999999982 6 5
leaf_count=5 8 6 5 12 9 9 9 7 168 7 55 8 176 5 6 5
internal_value=1.93788e-11 0.000250054 -0.000286542 5.65187e-05 0.00239528 0.00441699 -0.000328992 -4.43175e-05 -7.45716e-05 0.00519549 9.15135e-05 0.00334391 -0.000119681 -0.00374982 -0.00182113 -0.00587138
internal_weight=500 267 233 212 30 21 182 252 173 15 246 15 231 21 11 10
internal_count=500 267 233 212 30 21 182 252 173 15 246 15 231 21 11 10
is_linear=0
shrinkage=0.05


Tree=177
num_leaves=13
num_cat=0
split_feature=3 3 1 1 3 1 0 2 3 2 1 2
split_gain=0.0139393 0.0580411 0.0245076 0.129189 0.0917237 0.0966049 0.0743632 0.0554226 0.0240003 0.0259024 0.055171 0.0731297
threshold=0.92666006636939968 0.91931912444600805 37278851.120691575 39084627.645080902 0.81973361190782346 36335723.824365377 0.081864446318665851 0.61265759375025286 0.9390680710365481 1.0120822564198713 67283516.175276861 0.50721516932365696
decision_type=2 2 2 2 2 2 2 2 2 2 2 2
left_child=1 2 4 -4 5 -1 -5 -6 -2 10 11 -10
right_child=8 -3 3 6 7 -7 -8 -9 9 -11 -12 -13
leaf_value=0.00010858931037594296 -0.0031838716939091684 0.00495933648198843 0.0063191574480798516 0.0061608451907522975 -9.0528330266741728e-05 -0.0063070165303846203 -3.5660264779984031e-05 -0.0056887581187766052 -0.0029446382075548113 -0.0034509417228400711 -0.0035529598283270993 0.0043481822887604894
leaf_weight=266 8.9999999999999982 5.9999999999999991 8.9999999999999982 4.9999999999999991 7.0000000000000027 5.9999999999999991 153 11.999999999999998 5.0000000000000098 4.9999999999999991 5.9999999999999991 10.999999999999998
leaf_count=266 9 6 9 5 7 6 153 12 5 5 6 11
internal_value=8.63365e-12 7.35356e-05 9.52944e-06 0.000492339 -0.000267547 -3.29314e-05 0.000160432 -0.00362625 -0.000947792 -0.000202432 0.000535866 0.00206918
internal_weight=500 464 458 167 291 272 158 19 36 27 22 16
internal_count=500 464 458 167 291 272 158 19 36 27 22 16
is_linear=0
shrinkage=0.05


Tree=178
num_leaves=18
num_cat=0
split_feature=1 1 1 0 1 0 0 3 0 1 0 4 1 3 1 0 2
split_gain=0.0142009 0.170348 0.125048 0.102903 0.125863 0.0915762 0.0892727 0.068746 0.0596128 0.101223 0.196443 0.211642 0.13209 0.0945802 0.070398 0.101394 0.064467
threshold=22236704.498187315 20762331.459903348 19255966.635161828 0.085079670172594504 14705249.758835649 0.096962406597327036 0.087122840517869171 0.61789215480153692 0.07647805530066086 27493118.095931292 0.09802982747432841 0.92501905445236676 25775101.989758659 0.55763880984577818 30251106.290878318 0.19824010925400073 0.82259150467344411
decision_type=2 2 2 2 2 2 2 2 2 2 2 2 2 2 2 2 2
left_child=1 2 3 4 -1 -3 -5 -4 13 10 11 -10 -12 -2 15 -11 -16
right_child=8 5 7 6 -6 -7 -8 -9 9 14 12 -13 -14 -15 16 -17 -18
leaf_value=-1.5122831146899527e-06 0.00051970928907394418 -0.011268980950117115 0.0094597093015909225 -0.0084256781940348444 0.0053912554324294128 -0.0024093034810253548 -0.0014308023059689172 0.0017834383196064403 0.01604070903733373 -0.0056115738271425158 -0.0011556159704923629 0.0014927718229591845 0.006688650324940682 -0.0084841082990169524 0.00090156358523960523 0.002863150611519814 -0.00081525811149801408
leaf_weight=110 6.9999999999999982 4.9999999999999982 4.9999999999999982 4.9999999999999991 11.999999999999998 7 52 7 4.9999999999999982 12.000000000000002 23.000000000000004 5 6.9999999999999991 5 137 4.9999999999999991 91
leaf_count=110 7 5 5 5 12 7 52 7 5 12 23 5 7 5 137 5 91
internal_value=-1.65201e-11 -0.000322309 4.07394e-05 -0.000290511 0.000528924 -0.00610084 -0.00204439 0.00498188 0.000220299 0.000365654 0.00269772 0.00876674 0.000674713 -0.00323188 -1.50915e-05 -0.00311901 0.000216341
internal_weight=500 203 191 179 122 12 57 12 297 285 40 10 30 12 245 17 228
internal_count=500 203 191 179 122 12 57 12 297 285 40 10 30 12 245 17 228
is_linear=0
shrinkage=0.05


Tree=179
num_leaves=12
num_cat=0
split_feature=0 0 3 1 2 0 3 3 3 3 3
split_gain=0.0145752 0.0279373 0.127313 0.10696 0.157524 0.0265191 0.0846119 0.154263 0.0875063 0.050864 0.0751322
threshold=0.2215848145073202 0.20448175866875426 0.63672259678646526 63764793.974376097 0.75310600233385439 0.17573872389883527 0.81552110293474966 0.8799328975362446 0.61637661944477107 0.96751505213011391 0.91231536265097446
decision_type=2 2 2 2 2 2 2 2 2 2 2
left_child=1 5 -3 4 -4 9 8 -8 -7 10 -1
right_child=-2 2 3 -5 -6 6 7 -9 -10 -11 -12
leaf_value=-2.3388409780629287e-05 -0.0024495120237891872 -0.0060328349471092226 0.00076326279900968037 -0.0034300051241492237 0.0088648048602044584 0.0031676951795816402 0.0052569560083308414 -0.0019138875970384106 -0.0040549906122928055 -0.0044922454437861838 0.00298485768196935
leaf_weight=367 5.9999999999999991 4.9999999999999991 15.000000000000005 5.9999999999999991 9.9999999999999982 5.0000000000000027 11.999999999999998 20 26 5.9999999999999991 22
leaf_count=367 6 5 15 6 10 5 12 20 26 6 22
internal_value=6.10526e-12 2.97512e-05 0.00137091 0.00256506 0.00400388 -7.56675e-05 -0.00102834 0.000775179 -0.00289004 7.62781e-05 0.000146744
internal_weight=500 494 36 31 25 458 63 32 31 395 389
internal_count=500 494 36 31 25 458 63 32 31 395 389
is_linear=0
shrinkage=0.05


Tree=180
num_leaves=10
num_cat=0
split_feature=0 0 3 1 2 0 0 0 3
split_gain=0.0131541 0.0252134 0.1149 0.0965314 0.142165 0.0246272 0.0725678 0.0419512 0.0146395
threshold=0.2215848145073202 0.20448175866875426 0.63672259678646526 63764793.974376097 0.75310600233385439 0.19655256149771846 0.19474735625807132 0.1862917456646643 0.78860203189768197
decision_type=2 2 2 2 2 2 2 2 2
left_child=1 5 -3 4 -4 6 7 -1 -7
right_child=-2 2 3 -5 -6 8 -8 -9 -10
leaf_value=2.2135810683932057e-05 -0.0023270364229877791 -0.0057311932742595681 0.00072509976103901836 -0.0032585048039133349 0.0084215645305812364 -0.00015131828646796448 0.0054569993168115619 -0.0024429939195720687 -0.0033397805773549612
leaf_weight=419 5.9999999999999991 4.9999999999999991 15.000000000000005 5.9999999999999991 9.9999999999999982 5.9999999999999991 5.9999999999999991 18 8.9999999999999982
leaf_count=419 6 5 15 6 10 6 6 18 9
internal_value=6.19766e-12 2.82636e-05 0.00130237 0.00243681 0.00380369 -7.18841e-05 -4.41758e-06 -7.94027e-05 -0.0020644
internal_weight=500 494 36 31 25 458 443 437 15
internal_count=500 494 36 31 25 458 443 437 15
is_linear=0
shrinkage=0.05


Tree=181
num_leaves=18
num_cat=0
split_feature=1 1 1 0 2 0 0 3 0 1 0 4 1 3 2 2 3
split_gain=0.0131287 0.151811 0.112893 0.0940089 0.117104 0.0836864 0.080139 0.0621942 0.0538817 0.0899206 0.178205 0.191007 0.116916 0.0853586 0.0648857 0.251659 0.166978
threshold=22236704.498187315 20762331.459903348 19255966.635161828 0.085079670172594504 1.1932848798943001 0.096962406597327036 0.087122840517869171 0.61789215480153692 0.07647805530066086 27493118.095931292 0.09802982747432841 0.92501905445236676 25775101.989758659 0.55763880984577818 1.1094753541910267 1.0951075621325528 0.64470058410159548
decision_type=2 2 2 2 2 2 2 2 2 2 2 2 2 2 2 2 2
left_child=1 2 3 4 -1 -3 -5 -4 13 10 11 -10 -12 -2 15 -11 -16
right_child=8 5 7 6 -6 -7 -8 -9 9 14 12 -13 -14 -15 16 -17 -18
leaf_value=0.0049868857165655265 0.00049378658378762866 -0.010705468952655795 0.0089867865666747107 -0.0080043316958472149 -3.3669776063323785e-05 -0.0022360420785844325 -0.0013769379035063769 0.0016854634774582725 0.015238735812599775 -2.4782061713108203e-06 -0.0011007830925771722 0.0014181959442794321 0.0062791842701179646 -0.0080598400533199287 0.0055464481934905012 0.011343400925397873 -0.0047821850328344032
leaf_weight=12.999999999999998 6.9999999999999982 4.9999999999999982 4.9999999999999982 4.9999999999999991 109 7 52 7 4.9999999999999982 217 23.000000000000004 5 6.9999999999999991 5 5.0000000000000027 4.9999999999999991 18
leaf_count=13 7 5 5 5 109 7 52 7 5 217 23 5 7 5 5 5 18
internal_value=9.5104e-12 -0.000309903 3.28233e-05 -0.000281916 0.000501307 -0.00576497 -0.00195829 0.00472768 0.000211819 0.000350011 0.00254802 0.00832847 0.000621209 -0.00307022 -8.84839e-06 0.00025306 -0.00253683
internal_weight=500 203 191 179 122 12 57 12 297 285 40 10 30 12 245 222 23
internal_count=500 203 191 179 122 12 57 12 297 285 40 10 30 12 245 222 23
is_linear=0
shrinkage=0.05


Tree=182
num_leaves=10
num_cat=0
split_feature=0 0 2 1 3 1 2 2 1
split_gain=0.013154 0.0396692 0.0174217 0.0388959 0.0713953 0.0339669 0.108699 0.0259895 0.0170875
threshold=0.21626476984671419 0.21134354788729451 0.35624235968925838 36816945.92174571 0.83804667138679012 72886611.689239442 0.38322672097508065 0.71557417221423714 37278851.120691575
decision_type=2 2 2 2 2 2 2 2 2
left_child=1 2 3 -1 -5 6 -4 -7 -2
right_child=8 -3 5 4 -6 7 -8 -9 -10
leaf_value=-0.0052880923124030239 -4.0826680404799334e-05 0.0040807096908489866 0.0068481473640228316 0.0043377983040409169 -0.0041117746941745281 -0.0025016891579567034 7.104227817096768e-05 0.00031812220292452435 -0.0038678875379264351
leaf_weight=4.9999999999999991 6.9999999999999982 5.9999999999999991 5.9999999999999991 4.9999999999999982 5 22 426 12.999999999999998 5
leaf_count=5 7 6 6 5 5 22 426 13 5
internal_value=2.40558e-11 4.02156e-05 -1.0081e-05 -0.00168736 0.000113012 4.3793e-05 0.000165169 -0.00145433 -0.00163544
internal_weight=500 488 482 15 10 467 432 35 12
internal_count=500 488 482 15 10 467 432 35 12
is_linear=0
shrinkage=0.05


Tree=183
num_leaves=14
num_cat=0
split_feature=3 3 3 2 1 1 1 2 0 2 3 3 3
split_gain=0.0126003 0.0507409 0.0243016 0.0219749 0.0502222 0.0694762 0.0218087 0.122468 0.373921 0.0971593 0.0809131 0.0908341 0.0500722
threshold=0.92666006636939968 0.91931912444600805 0.9390680710365481 1.0120822564198713 67283516.175276861 24234820.941703778 37278851.120691575 0.98724867246387005 0.16258454243612447 0.80713155513830392 0.81973361190782346 0.76287168822528961 0.88489741613871675
decision_type=2 2 2 2 2 2 2 2 2 2 2 2 2
left_child=1 6 -2 4 5 -4 10 9 -9 -8 11 -1 -12
right_child=2 -3 3 -5 -6 -7 7 8 -10 -11 12 -13 -14
leaf_value=-0.0003216407993184601 -0.003151194389081664 0.0046381350606679922 -0.0028951144963502823 -0.0031432132050395012 -0.0033722055532659093 0.0042132007603702904 0.0006893994461855676 0.010127338518699007 -0.0017141356474409501 -0.0022488136148939913 -0.0053663017470777646 0.0028410772141069175 -4.515298891679517e-05
leaf_weight=247 8.9999999999999982 5.9999999999999991 5.0000000000000098 4.9999999999999991 5.9999999999999991 10.999999999999998 101 12.000000000000002 14.999999999999998 39 12.000000000000002 25 6.9999999999999991
leaf_count=247 9 6 5 5 6 11 101 12 15 39 12 25 7
internal_value=-1.93977e-12 6.99147e-05 -0.000901123 -0.000151099 0.000528927 0.00199185 1.0069e-05 0.000465519 0.00354874 -0.000129103 -0.000251306 -3.09498e-05 -0.00340588
internal_weight=500 464 36 27 22 16 458 167 27 140 291 272 19
internal_count=500 464 36 27 22 16 458 167 27 140 291 272 19
is_linear=0
shrinkage=0.05


Tree=184
num_leaves=19
num_cat=0
split_feature=2 2 3 3 3 0 0 3 3 0 5 2 3 2 2 1 2 2
split_gain=0.0126639 0.0359236 0.0574543 0.0274698 0.119184 0.152629 0.207934 0.0997556 0.0816926 0.258809 0.110856 0.0737041 0.0693597 0.266079 0.0626115 0.0212891 0.0155573 0.0148716
threshold=0.39947098963010369 0.38322672097508065 0.71426166709560868 0.69696795425881686 0.73374170893331259 0.17378863674831005 0.12472729904218842 0.75865573055364488 0.64309623832256835 0.084723922286214656 0.93097447297900671 0.9078459619800382 0.63264271936030636 0.8897073149864767 0.55099220571586482 29657652.81531053 0.78078515184979103 0.33457010229389
decision_type=2 2 2 2 2 2 2 2 2 2 2 2 2 2 2 2 2 2
left_child=1 2 -1 8 5 6 -5 16 12 -10 -11 -9 14 -14 -2 -4 -6 -17
right_child=3 -3 15 4 7 -7 -8 11 9 10 -12 -13 13 -15 -16 17 -18 -19
leaf_value=0.0038975893386772684 0.005439782608300448 -0.003639842888029913 0.0013992103934288016 0.0019450976513326159 -0.0018741030556460221 -0.0032075087307021025 0.012788609947477068 0.0011652978397422593 0.00679636951203325 -0.004532397778569469 0.0033997212164103988 -0.0011796363688796304 -0.0047214129629234471 0.0088718587739600088 -0.00022453731013790201 -0.00077199002262204894 -0.005160994325867958 -0.0040312160654658721
leaf_weight=7.0000000000000027 4.9999999999999991 8.9999999999999982 5.0000000000000027 12.000000000000005 5.9999999999999991 5.9999999999999991 6.9999999999999991 106 6.9999999999999991 37 4.9999999999999991 49 5.9999999999999991 8.9999999999999982 201 6.9999999999999982 8.9999999999999982 7
leaf_count=7 5 9 5 12 6 6 7 106 7 37 5 49 6 9 201 7 9 7
internal_value=-1.56979e-12 -0.000917196 2.5259e-05 6.90362e-05 0.000521242 0.00374466 0.00594008 4.72107e-05 -0.000257557 -0.0021046 -0.0035881 0.000423996 0.000151969 0.00343455 -8.70538e-05 -0.00140139 -0.00384624 -0.0024016
internal_weight=500 35 26 465 195 25 19 170 270 49 42 155 221 15 206 19 15 14
internal_count=500 35 26 465 195 25 19 170 270 49 42 155 221 15 206 19 15 14
is_linear=0
shrinkage=0.05


Tree=185
num_leaves=16
num_cat=0
split_feature=2 1 1 0 2 1 3 1 0 0 4 1 0 0 0
split_gain=0.012635 0.0355816 0.10657 0.137882 0.1248 0.157157 0.11317 0.0603614 0.0573545 0.0428647 0.0162502 0.0122227 0.00220258 0.000577932 0.000290686
threshold=2.2866980564689405 14116205.196583694 10323177.889918994 0.079403676245398958 1.067172840321881 5712370.748544177 0.64309623832256835 14802236.029485023 0.062371090452878919 0.096962406597327036 1.9648479898507822 3192309.5142536047 0.033203248916742319 0.084723922286214656 0.060960300802487162
decision_type=2 2 2 2 2 2 2 2 2 2 2 2 2 2 2
left_child=1 2 4 6 -1 -6 -4 -3 -9 -10 11 -2 -12 14 -14
right_child=10 7 3 -5 5 -7 -8 8 9 -11 12 -13 13 -15 -16
leaf_value=-0.0074263621866703031 0.00049080289124200742 0.0047213087124483924 -0.0041602591285482037 -0.0087419051263067458 -0.0014183072180810174 0.0041837481227481651 0.0052217180398292842 0.0039751473245107465 -0.0010846948820108083 0.0002313804381289059 0.0011727177817374469 0.0034761677408823746 -0.00024502141697501587 0.00053805767558515074 8.887206049621455e-05
leaf_weight=4.9999999999999991 5.9999999999999991 6.9999999999999991 9.0000000000000018 8.9999999999999982 31 21 4.9999999999999991 8.9999999999999982 80 273 4.9999999999999991 7.9999999999999991 11.000000000000002 4.9999999999999991 15.999999999999998
leaf_count=5 6 7 9 9 31 21 5 9 80 273 5 8 11 5 16
internal_value=-4.6246e-12 -8.47099e-05 -0.00104064 -0.00391352 0.000118586 0.000844061 -0.000809553 0.000122539 3.36121e-05 -6.68803e-05 0.000745779 0.00219673 0.000196773 4.42814e-05 -4.71586e-05
internal_weight=500 449 80 23 57 52 14 369 362 353 51 14 37 32 27
internal_count=500 449 80 23 57 52 14 369 362 353 51 14 37 32 27
is_linear=0
shrinkage=0.05


Tree=186
num_leaves=12
num_cat=0
split_feature=3 3 1 2 2 0 0 3 2 2 2
split_gain=0.012565 0.0640115 0.0398216 0.0325645 0.0488243 0.144219 0.0752669 0.0201746 0.0245579 0.068433 0.0509094
threshold=0.92425286418378094 0.91231536265097446 24234820.941703778 0.94742509838763722 0.62295506405988166 0.17712598977167762 0.17207189772794454 0.9038996801421989 0.39947098963010369 0.48522677480393667 0.37539568590219674
decision_type=2 2 2 2 2 2 2 2 2 2 2
left_child=1 7 -2 4 6 -6 -4 8 10 -10 -1
right_child=2 -3 3 -5 5 -7 -8 -9 9 -11 -12
leaf_value=4.5130755530581587e-06 -0.0042777983072612973 0.0042482883152034556 -0.0064091575890779465 -0.0034348076364646356 0.0085117489060697448 -0.0014958516280684207 0.0018971443447905281 -0.0023538360993067427 0.0024373873792743932 -4.2418909537108673e-05 -0.0044901656944097744
leaf_weight=21.000000000000004 6.9999999999999991 8.9999999999999982 5.0000000000000018 5.9999999999999991 5.9999999999999991 8.9999999999999982 6 8.9999999999999982 30 383 8.9999999999999982
leaf_count=21 7 9 5 6 6 9 6 9 30 383 9
internal_value=1.04861e-11 7.29035e-05 -0.000861757 -0.000114498 0.000651727 0.00250719 -0.00187845 -1.02347e-05 3.7378e-05 0.000137712 -0.00134389
internal_weight=500 461 39 32 26 15 11 452 443 413 30
internal_count=500 461 39 32 26 15 11 452 443 413 30
is_linear=0
shrinkage=0.05


Tree=187
num_leaves=11
num_cat=0
split_feature=0 0 1 3 3 4 4 3 2 4
split_gain=0.0120628 0.0230569 0.12485 0.0164931 0.0437827 0.141284 0.0277077 0.0194427 0.00382102 0.00327932
threshold=0.021874668935624762 0.027811807773157646 4565730.6308415625 0.35867497782942442 0.43281035572577192 1.90532718231892 1.0689004345059223 0.47966732888684632 1.5748116017521616 2.0375760751103269
decision_type=2 2 2 2 2 2 2 2 2 2
left_child=9 2 -2 6 5 -5 -3 -6 -8 -1
right_child=1 3 -4 4 7 -7 8 -9 -10 -11
leaf_value=0.00258315084502101 -0.0073015097839136929 0.0045592457801103565 0.0028985752413670219 -0.0096075353771448071 0.0016047865624147419 0.00039628202982081961 0.0016976150684058656 -3.1130945530253264e-05 0.00014414298263880866 0.00084935562432898824
leaf_weight=4.9999999999999982 5.9999999999999982 5.0000000000000027 6 5.0000000000000027 19 11.999999999999998 5.0000000000000027 412 19 6
leaf_count=5 6 5 6 5 19 12 5 412 19 6
internal_value=8.45612e-12 -3.68341e-05 -0.00220147 1.76221e-05 -5.71815e-05 -0.00254602 0.00117321 4.09861e-05 0.000467783 0.00163744
internal_weight=500 489 12 477 448 17 29 431 24 11
internal_count=500 489 12 477 448 17 29 431 24 11
is_linear=0
shrinkage=0.05


Tree=188
num_leaves=10
num_cat=0
split_feature=0 0 2 1 3 1 2 2 1
split_gain=0.0118255 0.0365423 0.0156681 0.0375006 0.0627785 0.0287325 0.0932611 0.0254866 0.0146202
threshold=0.21626476984671419 0.21134354788729451 0.35624235968925838 36816945.92174571 0.83804667138679012 72886611.689239442 0.38322672097508065 0.71557417221423714 37278851.120691575
decision_type=2 2 2 2 2 2 2 2 2
left_child=1 2 3 -1 -5 6 -4 -7 -2
right_child=8 -3 5 4 -6 7 -8 -9 -10
leaf_value=-0.0051363263791427017 -7.5646692753902515e-05 0.0039161154379447304 0.0063428209163248544 0.0041286609531380244 -0.0037946279067546124 -0.0023740907051515853 6.5393585021970485e-05 0.00041830437257885935 -0.0036156503669917579
leaf_weight=4.9999999999999991 6.9999999999999982 5.9999999999999991 5.9999999999999991 4.9999999999999982 5 22 426 12.999999999999998 5
leaf_count=5 7 6 6 5 5 22 426 13 5
internal_value=2.65427e-12 3.81307e-05 -1.0143e-05 -0.00160076 0.000167017 4.09477e-05 0.00015258 -0.00133692 -0.00155065
internal_weight=500 488 482 15 10 467 432 35 12
internal_count=500 488 482 15 10 467 432 35 12
is_linear=0
shrinkage=0.05


Tree=189
num_leaves=18
num_cat=0
split_feature=1 3 3 2 2 2 2 1 0 3 2 0 4 3 2 2 2
split_gain=0.0114851 0.0939107 0.11343 0.12837 0.0655243 0.0637019 0.203272 0.148013 0.213028 0.104401 0.0910289 0.0814629 0.0389926 0.0280732 0.0241367 0.0175038 0.00683215
threshold=23671175.718095157 0.80619229066121767 0.76287168822528961 0.85190247233112748 1.0088269535301977 1.1094753541910267 1.0951075621325528 27235687.206593271 0.14302304394004003 0.64470058410159548 1.0394888025925442 0.17207189772794454 0.99293696010385302 0.69089484901759801 0.54413129008106098 1.1690469020617735 0.98724867246387005
decision_type=2 2 2 2 2 2 2 2 2 2 2 2 2 2 2 2 2
left_child=1 2 3 -1 -5 6 7 8 -2 12 -9 13 -7 -11 -3 -13 -16
right_child=5 14 -4 4 -6 9 -8 10 -10 11 -12 15 -14 -15 16 -17 -18
leaf_value=-0.0060341075890594058 0.012394971524675688 -0.0014365726815802704 0.0058722272398881621 0.0032487491766611735 -0.00020027701872268587 0.0039917701156809938 0.010488964170217515 0.00020943060763307757 0.00047781783621758228 -0.0038802214277287306 -0.0042680712455573184 -0.0027284063678234822 -0.0011181319997246775 -0.0085410504468849732 -0.0063298801115403581 0.001277236248521755 -0.0038273199368268245
leaf_weight=8.9999999999999982 5.9999999999999991 7.0000000000000027 7.9999999999999991 14.999999999999998 168 7.9999999999999982 4.9999999999999991 210 9.9999999999999982 6.0000000000000018 11.999999999999998 4.9999999999999982 7 7 5.9999999999999982 6 5
leaf_count=9 6 7 8 15 168 8 5 210 10 6 12 5 7 7 6 6 5
internal_value=1.80007e-12 -0.000272552 3.87777e-05 -0.000204283 8.243e-05 0.000210696 0.000511755 0.000302149 0.00494675 -0.00166513 -3.25965e-05 -0.0037103 0.00160715 -0.0063899 -0.00373177 -0.00054351 -0.00519235
internal_weight=500 218 200 192 183 282 243 238 16 39 222 24 15 13 18 11 11
internal_count=500 218 200 192 183 282 243 238 16 39 222 24 15 13 18 11 11
is_linear=0
shrinkage=0.05


Tree=190
num_leaves=15
num_cat=0
split_feature=2 2 3 3 4 2 2 4 4 1 1 1 0 1
split_gain=0.0114243 0.0321296 0.0200817 0.10566 0.279209 0.113123 0.0398819 0.0765295 0.0152997 0.0157441 0.00191707 0.000782488 0.000559581 0.000540089
threshold=2.2866980564689405 2.1255131841395536 0.41604165330899451 0.46784674026231426 2.8596011817222728 1.7817513026268261 1.3781167109236783 1.0348367410992363 1.8890181153809118 3192309.5142536047 10502512.145883473 -2597016.7948869793 0.059340990517796309 13607331.324312082
decision_type=2 2 2 2 2 2 2 2 2 2 2 2 2 2
left_child=1 2 6 4 -4 -5 -1 -8 9 -2 11 -10 -13 -12
right_child=8 -3 3 5 -6 -7 7 -9 10 -11 13 12 -14 -15
leaf_value=-0.0027408355474472026 0.000459304009564221 -0.0037148927481515182 -0.013678512163460258 0.00014021230723448405 0.002319666262095173 -0.0055287454898158709 0.0070218645657102235 0.00040030475138337352 0.00051518186955945566 0.0040814693047044178 0.0011718570254743101 -0.00043205721691871651 8.0827835839814873e-05 0.00046823638646552958
leaf_weight=5.0000000000000027 5.9999999999999982 5.9999999999999991 4.9999999999999982 396 6 8.9999999999999982 6.0000000000000027 15.999999999999998 5.9999999999999991 6 4.9999999999999982 9.0000000000000053 12.999999999999998 6
leaf_count=5 6 6 5 396 6 9 6 16 6 6 5 9 13 6
internal_value=2.33296e-11 -8.05494e-05 -3.13258e-05 -0.000117089 -0.00495223 1.42355e-05 0.00129007 0.00220618 0.000709151 0.00227039 0.00022877 9.04779e-06 -0.000128989 0.000788064
internal_weight=500 449 443 416 11 405 27 22 51 12 39 28 22 11
internal_count=500 449 443 416 11 405 27 22 51 12 39 28 22 11
is_linear=0
shrinkage=0.05


Tree=191
num_leaves=18
num_cat=0
split_feature=2 2 3 3 3 1 1 3 3 0 5 0 3 1 1 2 2
split_gain=0.0114044 0.0275595 0.0528588 0.0241155 0.107993 0.143953 0.27707 0.0922175 0.0713585 0.228841 0.0998103 0.063445 0.0593426 0.0994927 0.0162663 0.0139198 0.0134976
threshold=0.39947098963010369 0.38322672097508065 0.71426166709560868 0.69696795425881686 0.73374170893331259 32716568.083830956 68553695.411543861 0.75865573055364488 0.64309623832256835 0.084723922286214656 0.93097447297900671 0.089791813424175027 0.63562596573627661 58872019.950320639 29657652.81531053 0.78078515184979103 0.33457010229389
decision_type=2 2 2 2 2 2 2 2 2 2 2 2 2 2 2 2 2
left_child=1 2 -1 8 5 -5 -7 15 12 -10 -11 -9 13 -2 -4 -6 -16
right_child=3 -3 14 4 7 6 -8 11 9 10 -12 -13 -14 -15 16 -17 -18
leaf_value=0.0036693292004721491 -0.00022671397310105245 -0.0032551111045500472 0.0010347114922478788 -0.0015012585454516935 -0.0018400078949828943 0.011499756500124933 -0.0020911813403169314 -0.0030917951681961615 0.0064030210554067574 -0.0042577453221924405 0.0032688132859766484 0.00069329119865437383 0.004118783694381515 0.0058351691180307955 -0.00073510180726381303 -0.0049491147095169358 -0.003840118159340428
leaf_weight=7.0000000000000027 205 8.9999999999999982 5.0000000000000027 9.0000000000000018 5.9999999999999991 9.9999999999999982 5.9999999999999991 11.999999999999998 6.9999999999999991 37 4.9999999999999991 143 8.9999999999999982 6.9999999999999991 6.9999999999999982 8.9999999999999982 7
leaf_count=7 205 9 5 9 6 10 6 12 7 37 5 143 9 7 7 9 7
internal_value=2.65572e-12 -0.000870391 -4.49107e-05 6.55133e-05 0.000489211 0.00355757 0.00640315 3.79825e-05 -0.000240491 -0.00196676 -0.00336173 0.000400252 0.000142257 -2.65575e-05 -0.00141331 -0.00370547 -0.00228761
internal_weight=500 35 26 465 195 25 16 170 270 49 42 155 221 212 19 15 14
internal_count=500 35 26 465 195 25 16 170 270 49 42 155 221 212 19 15 14
is_linear=0
shrinkage=0.05


Tree=192
num_leaves=13
num_cat=0
split_feature=0 0 3 1 3 0 3 3 3 3 3 3
split_gain=0.0116733 0.0308909 0.0667085 0.185062 0.0669149 0.018336 0.0779435 0.150868 0.076841 0.0416914 0.0612508 0.0154513
threshold=0.21626476984671419 0.20448175866875426 0.78860203189768197 31322720.10163353 0.71426166709560868 0.17573872389883527 0.81552110293474966 0.8799328975362446 0.61637661944477107 0.96751505213011391 0.91231536265097446 0.79469773874306471
decision_type=2 2 2 2 2 2 2 2 2 2 2 2
left_child=1 5 4 -4 -3 9 8 -8 -7 10 -1 -2
right_child=11 2 3 -5 -6 6 7 -9 -10 -11 -12 -13
leaf_value=-2.7399928498872348e-05 -0.0030569845777271057 0.0023583162110298863 -0.0028518844395875932 0.008484576730471519 -0.0043356405849668328 0.0030336564034223537 0.0053070812466709562 -0.0017844119737856091 -0.0037345806441198177 -0.0040737116437715793 0.0026887670953080738 0.00058224311098456375
leaf_weight=367 6.9999999999999982 8.0000000000000018 5.9999999999999991 8.9999999999999982 6.9999999999999991 5.0000000000000027 11.999999999999998 20 26 5.9999999999999991 22 5
leaf_count=367 7 8 6 9 7 5 12 20 26 6 22 5
internal_value=1.25408e-11 3.78846e-05 0.00159223 0.00394999 -0.00076553 -6.39285e-05 -0.000856096 0.000874898 -0.00264293 6.24173e-05 0.000126214 -0.00154064
internal_weight=500 488 30 15 15 458 63 32 31 395 389 12
internal_count=500 488 30 15 15 458 63 32 31 395 389 12
is_linear=0
shrinkage=0.05


Tree=193
num_leaves=11
num_cat=0
split_feature=3 3 1 2 1 0 3 2 2 2
split_gain=0.0111444 0.0528827 0.0313876 0.0272866 0.046141 0.0445188 0.0182764 0.0224792 0.0634204 0.040724
threshold=0.92425286418378094 0.91231536265097446 24234820.941703778 0.94742509838763722 67283516.175276861 0.16437197747539559 0.9038996801421989 0.39947098963010369 0.48522677480393667 0.37539568590219674
decision_type=2 2 2 2 2 2 2 2 2 2
left_child=1 6 -2 4 5 -4 7 9 -9 -1
right_child=2 -3 3 -5 -6 -7 -8 8 -10 -11
leaf_value=-7.7110780901940793e-05 -0.0038443733472377064 0.0038637672033574851 0.0050006128847598988 -0.0031875056835512319 -0.0029169702636344091 -1.6790260754836103e-05 -0.0022375321895298033 0.0023482538255242009 -3.9004950969788194e-05 -0.0040970984768743312
leaf_weight=21.000000000000004 6.9999999999999991 8.9999999999999982 7.0000000000000062 5.9999999999999991 6.9999999999999991 11.999999999999998 8.9999999999999982 30 383 8.9999999999999982
leaf_count=21 7 9 7 6 7 12 9 30 383 9
internal_value=-2.26704e-11 6.86586e-05 -0.00081158 -0.000148157 0.000553231 0.00183173 -6.90771e-06 3.84097e-05 0.000134404 -0.00128311
internal_weight=500 461 39 32 26 19 452 443 413 30
internal_count=500 461 39 32 26 19 452 443 413 30
is_linear=0
shrinkage=0.05


Tree=194
num_leaves=19
num_cat=0
split_feature=2 1 4 3 1 2 3 2 1 4 1 2 4 1 5 3 1 1
split_gain=0.011105 0.0335332 0.203638 0.242717 0.0873743 0.0810845 0.171346 0.115417 0.0634981 0.0137809 0.014209 0.00903342 0.00262217 0.00156926 0.000849747 0.00129099 0.000487431 0.00014313
threshold=2.2536656799957253 7535602.7030940494 1.90532718231892 0.39371252412103075 9251591.3113373034 1.7817513026268261 0.52197025564599187 1.6642808382205214 8541150.8396737557 1.8890181153809118 3192309.5142536047 1.4363351390830241 2.8596011817222728 10502512.145883473 0.9590859540706459 0.51518170256483675 13607331.324312082 7951318.3219030546
decision_type=2 2 2 2 2 2 2 2 2 2 2 2 2 2 2 2 2 2
left_child=1 2 3 -1 8 7 -7 -6 -3 10 -2 -4 -13 14 15 -11 -15 -16
right_child=9 4 11 -5 5 6 -8 -9 -10 13 -12 12 -14 16 17 -17 -18 -19
leaf_value=0.00021722529083490375 0.0004509947495535017 0.00096914807024101437 0.0023309728712774805 -0.015362155884504318 -9.4714221915254674e-05 0.0018467151870330178 -0.010102702157261471 0.0053471309505403047 0.0085984755307435979 2.9680699526579691e-05 0.0038920517797426629 0.0010601204509536426 -0.00028930503305875594 0.0011279200762510302 -0.00050032674800604593 0.00095012252219021324 0.00045948049907262124 -0.00012200095225125549
leaf_weight=4.9999999999999982 5.9999999999999982 5.9999999999999982 8.0000000000000018 5 380 5.9999999999999982 6 9.9999999999999982 5 16.000000000000007 6 5.9999999999999991 8.9999999999999982 4.9999999999999982 4.9999999999999982 4.9999999999999991 6 5
leaf_count=5 6 6 8 5 380 6 6 10 5 16 6 6 9 5 5 5 6 5
internal_value=-3.061e-11 -8.19925e-05 -0.00161575 -0.00757247 4.05599e-05 -7.97413e-05 -0.00412799 4.48203e-05 0.00443702 0.000677197 0.00217152 0.00097412 0.000250465 0.000250246 6.81892e-05 0.000248834 0.000763317 -0.000311164
internal_weight=500 446 33 10 413 402 12 390 11 54 12 23 15 42 31 21 11 10
internal_count=500 446 33 10 413 402 12 390 11 54 12 23 15 42 31 21 11 10
is_linear=0
shrinkage=0.05


Tree=195
num_leaves=11
num_cat=0
split_feature=0 0 1 1 2 1 3 1 2 3
split_gain=0.0103523 0.030085 0.0151634 0.0578151 0.0921972 0.0466766 0.0389686 0.0354479 0.0343635 0.0143907
threshold=0.21626476984671419 0.21134354788729451 63236572.214079112 71741223.639172241 0.59971613672775448 60040669.674594425 0.85038780158419358 76337566.728580028 0.87944827122341063 0.79469773874306471
decision_type=2 2 2 2 2 2 2 2 2 2
left_child=1 2 5 4 -4 6 -1 -5 -7 -2
right_child=9 -3 3 7 -6 8 -8 -9 -10 -11
leaf_value=0.00016756194129932309 -0.0029142290029475202 0.0035543826719125118 0.0052582705326910534 -0.0021105855126820859 0.00015262174808109802 -0.0064067508280277272 -0.0012269448554064384 0.00079457815625660487 -0.0007942789079000552 0.00059787057340145102
leaf_weight=332 6.9999999999999982 5.9999999999999991 13.999999999999998 21 24 4.9999999999999982 59 21 6 5
leaf_count=332 7 6 14 21 24 5 59 21 6 5
internal_value=-1.74812e-11 3.56767e-05 -8.12459e-06 0.000620532 0.00203365 -0.00013323 -4.28624e-05 -0.000658004 -0.0033454 -0.00145085
internal_weight=500 488 482 80 38 402 391 42 11 12
internal_count=500 488 482 80 38 402 391 42 11 12
is_linear=0
shrinkage=0.05


Tree=196
num_leaves=16
num_cat=0
split_feature=2 1 1 2 1 1 2 2 3 0 2 3 0 0 0
split_gain=0.0101823 0.0615031 0.0363079 0.0275258 0.128079 0.14484 0.0516661 0.102704 0.0474298 0.0483956 0.0412773 0.0237519 0.0381023 0.0195808 0.0146491
threshold=0.42585241740730273 76016598.99815686 63236572.214079112 0.48522677480393667 51893976.034065269 64931427.845404379 0.52199120188968717 0.54117024165242256 0.81973361190782346 0.15429433047039307 0.63444845877769274 0.64984156452317865 0.13811852615637907 0.16437197747539559 0.15847635561431006
decision_type=2 2 2 2 2 2 2 2 2 2 2 2 2 2 2
left_child=1 2 11 4 8 -6 14 -8 9 -2 -9 -1 -13 -10 -5
right_child=3 -3 -4 6 5 -7 7 10 13 -11 -12 12 -14 -15 -16
leaf_value=-0.0037767396494746185 0.0051370926387607988 0.004494448639452457 -0.0043988470104523005 -0.0047437345609068881 0.012171654924750331 0.0001367058930918574 0.0065548182775576908 -0.0017300842848437079 -0.0054235618561506282 -0.0018196052080020305 0.00011443545037909646 -0.0022489473414184012 0.001625323968085771 -0.00099854108877480015 -0.0012002431973814963
leaf_weight=5.0000000000000027 5.0000000000000053 4.9999999999999991 7.9999999999999991 6.9999999999999982 4.9999999999999982 5 5.9999999999999991 33 4.9999999999999982 5 375 11.000000000000002 14.999999999999998 5 5
leaf_count=5 5 5 8 7 5 5 6 33 5 5 375 11 15 5 5
internal_value=-3.21052e-12 -0.000726382 -0.00139572 7.00895e-05 0.00153396 0.00615418 -3.29998e-05 6.07474e-05 -0.000776154 0.00165874 -3.47536e-05 -0.000620718 -1.37908e-05 -0.00321105 -0.00326728
internal_weight=500 44 39 456 30 10 426 414 20 10 408 31 26 10 12
internal_count=500 44 39 456 30 10 426 414 20 10 408 31 26 10 12
is_linear=0
shrinkage=0.05


Tree=197
num_leaves=18
num_cat=0
split_feature=1 3 3 2 2 2 2 1 0 3 2 0 4 3 1 2 0
split_gain=0.0101375 0.0797085 0.100968 0.110783 0.0590106 0.0571708 0.179744 0.133164 0.189467 0.094068 0.0835512 0.0705193 0.0363088 0.026384 0.0244064 0.01641 0.00145864
threshold=23671175.718095157 0.80619229066121767 0.76287168822528961 0.85190247233112748 1.0088269535301977 1.1094753541910267 1.0951075621325528 27235687.206593271 0.14302304394004003 0.64470058410159548 1.0394888025925442 0.17207189772794454 0.99293696010385302 0.91931912444600805 28980659.7789074 1.1690469020617735 0.18358731040034451
decision_type=2 2 2 2 2 2 2 2 2 2 2 2 2 2 2 2 2
left_child=1 2 3 -1 -5 6 7 8 -2 12 -9 14 -7 16 -11 -13 -3
right_child=5 13 -4 4 -6 9 -8 10 -10 11 -12 15 -14 -15 -16 -17 -18
leaf_value=-0.0056143338274624623 0.011715781440337499 -0.0057590414956212015 0.0055344351800158623 0.0030726119627555214 -0.00020049625610183634 0.0038281013490632184 0.0098652088642120356 0.00020041745796334001 0.00047696145717054613 -0.003673519194126128 -0.0040892400963154314 -0.0026895560696721084 -0.0011028144641646316 -0.0013027719440287912 -0.0080193148127623969 0.0011889103644837935 -0.0045513009652495377
leaf_weight=8.9999999999999982 5.9999999999999991 5.0000000000000018 7.9999999999999991 14.999999999999998 168 7.9999999999999982 4.9999999999999991 210 9.9999999999999982 6.0000000000000018 11.999999999999998 4.9999999999999982 7 7.9999999999999991 7 6 5
leaf_count=9 6 5 8 15 168 8 5 210 10 6 12 5 7 8 7 6 5
internal_value=5.26343e-12 -0.000256062 3.07614e-05 -0.000198558 6.77913e-05 0.000197949 0.000483157 0.000286055 0.00469152 -0.00157912 -3.14559e-05 -0.00352044 0.00152701 -0.00344299 -0.00601356 -0.000574029 -0.00515517
internal_weight=500 218 200 192 183 282 243 238 16 39 222 24 15 18 13 11 10
internal_count=500 218 200 192 183 282 243 238 16 39 222 24 15 18 13 11 10
is_linear=0
shrinkage=0.05


Tree=198
num_leaves=17
num_cat=0
split_feature=2 1 1 0 2 1 3 1 0 0 4 1 1 1 0 1
split_gain=0.0098957 0.031559 0.0898425 0.114665 0.10595 0.128378 0.0980445 0.0497275 0.0480376 0.0389776 0.0124372 0.0128237 0.00141625 0.000803129 0.000537442 0.000439906
threshold=2.2536656799957253 14116205.196583694 10323177.889918994 0.079403676245398958 1.067172840321881 5179583.7273968747 0.64309623832256835 14802236.029485023 0.062371090452878919 0.087877069178137548 1.8890181153809118 3192309.5142536047 10502512.145883473 -2597016.7948869793 0.059340990517796309 13607331.324312082
decision_type=2 2 2 2 2 2 2 2 2 2 2 2 2 2 2 2
left_child=1 2 4 6 -1 -6 -4 -3 -9 -10 11 -2 13 -12 -15 -14
right_child=10 7 3 -5 5 -7 -8 8 9 -11 12 -13 15 14 -16 -17
leaf_value=-0.0068167378753423687 0.00042437001441915839 0.0042888088264070191 -0.0039032480317271407 -0.0080182591246234051 -0.0014862011540336189 0.0036592011784457347 0.0048292670189402998 0.0036412344521118537 -0.0014686582818475749 0.00013772680238264824 0.00049222438312881425 0.0036933741183020168 0.0010674490593373777 -0.00039083870037251846 0.00010439987776667945 0.00043243144561226166
leaf_weight=4.9999999999999991 5.9999999999999982 6.9999999999999991 9.0000000000000018 8.9999999999999982 27 22 4.9999999999999991 8.9999999999999982 43 310 7.9999999999999991 6 4.9999999999999982 9.0000000000000053 13.999999999999998 6
leaf_count=5 6 7 9 9 27 22 5 9 43 310 8 6 5 9 14 6
internal_value=-1.12643e-11 -7.73994e-05 -0.000998129 -0.0036151 0.000116506 0.000823979 -0.000784493 0.000114731 3.40169e-05 -5.79518e-05 0.000639262 0.00205887 0.000233659 6.07047e-05 -8.93891e-05 0.000721076
internal_weight=500 446 77 23 54 49 14 369 362 353 54 12 42 31 23 11
internal_count=500 446 77 23 54 49 14 369 362 353 54 12 42 31 23 11
is_linear=0
shrinkage=0.05


Tree=199
num_leaves=20
num_cat=0
split_feature=2 3 3 1 1 3 2 3 0 5 2 1 4 3 3 1 0 1 1
split_gain=0.0097158 0.022683 0.0987344 0.127417 0.243831 0.0862027 0.0616221 0.0605881 0.219083 0.0963584 0.0447332 0.21585 0.0936763 0.0226632 0.0314809 0.0137375 0.0120128 0.00968067 0.015713
threshold=0.39947098963010369 0.69696795425881686 0.73374170893331259 32716568.083830956 68553695.411543861 0.75865573055364488 0.9078459619800382 0.64683092534588005 0.084723922286214656 0.93097447297900671 0.96868959201703564 29401434.086368661 0.93193910842418515 0.71426166709560868 0.9038996801421989 60040669.674594425 0.12590542853561276 35059502.470893361 58508278.006438643
decision_type=2 2 2 2 2 2 2 2 2 2 2 2 2 2 2 2 2 2 2
left_child=13 7 3 -3 -5 16 -7 10 -9 -10 12 -12 -2 15 17 -1 -4 -15 -19
right_child=1 2 5 4 -6 6 -8 8 9 -11 11 -13 -14 14 -16 -17 -18 18 -20
leaf_value=-0.00064486308023333568 -0.00051571972006441726 -0.0013541447826557684 -0.0055804407363757493 0.010863553956151011 -0.0018861071361849708 0.0010680185301440224 -0.0010761207118701684 0.0069054574239999058 -0.004403030233515892 0.0030606952123343949 1.8446138601993671e-05 0.007572499550879002 -0.0077959010004997253 -0.0041755367982356448 0.0019405117072165013 0.0030615501105785365 -0.0025788442743942142 -0.00032439382921438669 -0.003709273568044106
leaf_weight=4.9999999999999982 38 9.0000000000000018 4.9999999999999991 9.9999999999999982 5.9999999999999991 106 49 5.9999999999999991 32 4.9999999999999991 174 9.9999999999999982 4.9999999999999991 6.0000000000000062 4.9999999999999991 5 9.9999999999999982 7.9999999999999982 6
leaf_count=5 38 9 5 10 6 106 49 6 32 5 174 10 5 6 5 5 10 8 6
internal_value=-3.23053e-13 6.04689e-05 0.00047139 0.00340526 0.00608243 3.99377e-05 0.000390194 -0.000236307 -0.00195723 -0.00339442 8.96818e-05 0.000428993 -0.00136225 -0.000803372 -0.00160806 0.00120834 -0.00357938 -0.0024952 -0.00177506
internal_weight=500 465 195 25 16 170 155 270 43 37 227 184 43 35 25 10 15 20 14
internal_count=500 465 195 25 16 170 155 270 43 37 227 184 43 35 25 10 15 20 14
is_linear=0
shrinkage=0.05


end of trees

feature_importances:
debt_equity_ratio=702
gst_bank_match_score=682
working_capital=614
revenue_expense_ratio=612
legal_flag_count=173
sector_risk_flag=83

parameters:
[boosting: gbdt]
[objective: regression]
[metric: l2]
[tree_learner: serial]
[device_type: cpu]
[data_sample_strategy: bagging]
[data: ]
[valid: ]
[num_iterations: 200]
[learning_rate: 0.05]
[num_leaves: 31]
[num_threads: 0]
[seed: 0]
[deterministic: 0]
[force_col_wise: 0]
[force_row_wise: 0]
[histogram_pool_size: -1]
[max_depth: 5]
[min_data_in_leaf: 5]
[min_sum_hessian_in_leaf: 0.001]
[bagging_fraction: 1]
[pos_bagging_fraction: 1]
[neg_bagging_fraction: 1]
[bagging_freq: 0]
[bagging_seed: 3]
[bagging_by_query: 0]
[feature_fraction: 1]
[feature_fraction_bynode: 1]
[feature_fraction_seed: 2]
[extra_trees: 0]
[extra_seed: 6]
[early_stopping_round: 0]
[early_stopping_min_delta: 0]
[first_metric_only: 0]
[max_delta_step: 0]
[lambda_l1: 0]
[lambda_l2: 0]
[linear_lambda: 0]
[min_gain_to_split: 0]
[drop_rate: 0.1]
[max_drop: 50]
[skip_drop: 0.5]
[xgboost_dart_mode: 0]
[uniform_drop: 0]
[drop_seed: 4]
[top_rate: 0.2]
[other_rate: 0.1]
[min_data_per_group: 100]
[max_cat_threshold: 32]
[cat_l2: 10]
[cat_smooth: 10]
[max_cat_to_onehot: 4]
[top_k: 20]
[monotone_constraints: ]
[monotone_constraints_method: basic]
[monotone_penalty: 0]
[feature_contri: ]
[forcedsplits_filename: ]
[refit_decay_rate: 0.9]
[cegb_tradeoff: 1]
[cegb_penalty_split: 0]
[cegb_penalty_feature_lazy: ]
[cegb_penalty_feature_coupled: ]
[path_smooth: 0]
[interaction_constraints: ]
[verbosity: -1]
[saved_feature_importance_type: 0]
[use_quantized_grad: 0]
[num_grad_quant_bins: 4]
[quant_train_renew_leaf: 0]
[stochastic_rounding: 1]
[linear_tree: 0]
[max_bin: 255]
[max_bin_by_feature: ]
[min_data_in_bin: 3]
[bin_construct_sample_cnt: 200000]
[data_random_seed: 1]
[is_enable_sparse: 1]
[enable_bundle: 1]
[use_missing: 1]
[zero_as_missing: 0]
[feature_pre_filter: 1]
[pre_partition: 0]
[two_round: 0]
[header: 0]
[label_column: ]
[weight_column: ]
[group_column: ]
[ignore_column: ]
[categorical_feature: ]
[forcedbins_filename: ]
[precise_float_parser: 0]
[parser_config_file: ]
[objective_seed: 5]
[num_class: 1]
[is_unbalance: 0]
[scale_pos_weight: 1]
[sigmoid: 1]
[boost_from_average: 1]
[reg_sqrt: 0]
[alpha: 0.9]
[fair_c: 1]
[poisson_max_delta_step: 0.7]
[tweedie_variance_power: 1.5]
[lambdarank_truncation_level: 30]
[lambdarank_norm: 1]
[label_gain: ]
[lambdarank_position_bias_regularization: 0]
[eval_at: ]
[multi_error_top_k: 1]
[auc_mu_weights: ]
[num_machines: 1]
[local_listen_port: 12400]
[time_out: 120]
[machine_list_filename: ]
[machines: ]
[gpu_platform_id: -1]
[gpu_device_id: -1]
[gpu_use_dp: 0]
[num_gpu: 1]

end of parameters

pandas_categorical:null
